"jsi zapletený do toho zločinu","you are implicated in the crime","","3","1541032576","1541118976"
"Das ist selbstverständlich .","this is natural","","3","1541015335","1541119015"
"mít podezření, dojem, domnívat se","suspect ","[səˈspekt]","3","1541015357","1541119037"
"je zvyklý vstávat brzy","He's used to getting up early.","","3","1541032701","1541119101"
"dojde k tomu dříve či později","it's gonna happen sooner or later","","3","1541032840","1541119240"
"to byl sen přichází pravda (sen se stal skutečností)","it was a dream come true","","3","1541032861","1541119261"
"nezmeškej, nenech si ujít the fantastic (don't get an advantage from the fantastic)","Don't miss out on the fantastic","","3","1541032913","1541119313"
"užiju si nakopávání tvého zadku","I'm gonna enjoy kicking your ass","","3","1541032924","1541119324"
"zvolnit, zmírnit","slacken","","4","1541022567","1541119335"
"snažící se tě znervoznit","trying to rattle you","","3","1541032965","1541119365"
"zachovej svou rozvahu","keep your composure","","3","1541032978","1541119378"
"Tak nějak telefon funguje","That's kinda how a phone works","","3","1541033022","1541119422"
"tak nějak zapomínám ukázat jí","I kind of forget to show her","","3","1541033084","1541119484"
"fáma (jde fáma/drb že) my dostáváme","rumour we are getting","[ˈruːmə]","3","1541033110","1541119510"
"děsí nás možnost, že...","we freak out at the possibility that...","","3","1541033124","1541119524"
"můžeme ho sejmout (dostat dolů, sundat)","we can take him down","","3","1541033257","1541119657"
"je mi jedno jako co to vypadá","I don't care what it looks like","","3","1541033268","1541119668"
"jestliže nedodržíš tu dohodu nyní...","If you renege on the deal now..","","3","1541033615","1541120015"
"stojíš o to?","do you care for it?","","3","1541033778","1541120178"
"on začal (vynesl) téma politiky","he brought up the subject of politics","","3","1541033804","1541120204"
"předstírající zájem","pretending to be interested","","3","1541033834","1541120234"
"nemohu předstírat opek (něco jiného)","I can't pretend otherwise","","3","1541033845","1541120245"
"nemá cenu se snažit","It is no use trying","","2","1541016579","1541120259"
"nestojí to v cestě (nepřekáží to) čemu","it doesn't stand in the way of sth","","3","1541033877","1541120277"
"týká se to jednoho z našich...","it involves one of our...","","3","1541033964","1541120364"
"sth vyšlo na jevo o jeho minulosti","sth came to light about his past","","3","1541033973","1541120373"
"minulou noc přespala (u mě)","she slept over last night","","3","1541034077","1541120477"
"máme tolik společného","we have so much in common","","3","1541034102","1541120502"
"volám kvůli","I'm calling regarding","","3","1541034109","1541120509"
"mám hodně na mysli (hodně starostí, problémů...)","I have a lot on my mind","","3","1541034118","1541120518"
"dejte své odlišnosti (neshody) stranou","put your differences aside","","3","1541034135","1541120535"
"prostě vezmu čůrání (jen se vyčůrám)","I'm just gonna take a pee","","3","1541034373","1541120773"
"nevidím nikoho řadícího se (hrnoucího se, hlásícího se...)","I don't see anyone lining up","","3","1541034423","1541120823"
"jako student byl nucen k ...","As a student he was compelled to ...","","3","1541034445","1541120845"
"to je jedno a to samé","it's one and the same","","3","1541034453","1541120853"
"to je velmi prozíravé od tebe","that's very astute of you","","3","1541034542","1541120942"
"odmítáš uznat mojí hodnotu","you refuse to acknowledge my value","","3","1541034560","1541120960"
"průměrný, nevalný, obyčejný (kvalitou)","mediocre [ˈmiːdɪˌəʊkə]","","3","1541034584","1541120984"
"tvůj nejtrapnější/nejnepříjemnější moment","your most embarrassing [ɪmˈbærəsɪŋ] moment","","3","1541034608","1541121008"
"nejasně/mlhavě odráží","vaguely [ˈveɪglɪ] reflect","","3","1541034682","1541121082"
"to hraje velkou roli (m","it does play a big role","","3","1541034689","1541121089"
"jsi vybrán (ze skupiny)","you are singled out","","3","1541034696","1541121096"
"balit sb, ukecávat sb","chat sb up","","3","1541034881","1541121281"
"balit cizince po barech","to chat up strangers in bars","","3","1541034889","1541121289"
"Pokecal jsem s ostatními lidmi zatímco ...","I chatted to other people while ...","","3","1541034897","1541121297"
"uchovat sth odděleně","keep sth separate","","3","1541035005","1541121405"
"nedostatek sebevědomí","lack self-confidence","","3","1541035132","1541121532"
"nepoctivý, nečestný","dishonest ","[dɪsˈɒnɪst]","3","1541035185","1541121585"
"čím dříve to uděláš, tím snadněji ...","the sooner you do it the easier","","3","1541035350","1541121750"
"z důvodu zpoždění mnoha komponent","due to delay of many components","","3","1541035493","1541121893"
"zpožděný build","delayed build","[dɪˈleɪd]","3","1541035500","1541121900"
"to bylo považováno za hrozbu","it was perceived to be a threat","","3","1541015782","1541121953"
"pochopitelný","perceivable ","[pe'sívebl]","1","1541013814","1541122146"
"obejít se, spořivý, skrovný, ušetřený","spare","","1","1541013847","1541122211"
"vetchý, sešlý (věkem); zchátralý","decrepit ","[dɪˈkrepɪt]","5","1541108232","1541122632"
"za předpokladu, že","providing (that)","","2","1541017583","1541125271"
"es ist notwendig","it is necessary","","2","1541017595","1541125795"
"závazná (povinná dle pravidel) lékařská prohlídka","obligatory medical examination","","3","1541042039","1541128439"
"zcela bez příčin(y)","for no reasons at all","","4","1541035889","1541134992"
"jakkoliv se snažil","no matter how he tried","","1","1541016588","1541137548"
"nechovat vůči komu zášť, nezlobit se na koho","to bear sb no grudge","","2","1541015265","1541139681"
"du bist leise","you are quiet","","2","1541015299","1541139715"
"Eblas aliro al la interreto sen drato .","It's possible to go on the Internet wirelessly.","","2","1541015314","1541139730"
"podnájem","lodging","[ˈlɒdʒɪŋ]","4","1541004934","1541140409"
"svědomitý, pečlivý","conscientious","[ˌkɒnʃɪˈenʃəs] ","2","1541015390","1541140800"
"jsem příliš zaměstnán abych se staral jak vypadám","I'm too busy to care how I look","","1","1540966843","1541141025"
"usilování, sledování, pronásledování","pursuing","","2","1540883918","1541143118"
"věnovat pozornost, pozornost","attention","","2","1540883997","1541143197"
"naštěstí","luckily, fortunately","","2","1540884003","1541143203"
"přísný a důsledný","strict and consistent","","2","1540884110","1541143310"
"využít možnosti","use the opportunity","","2","1540884198","1541143398"
"naplňovat, naplnit","fill out","","3","1541022554","1541143514"
"nepozornost","inattention","","3","1541022560","1541143520"
"svědčit o čem i přen. , vypovídat o čem","to bear witness to sth","","3","1541022587","1541143547"
"seznámit se , obeznámit se s čím","familiarize ","[fəˈmɪljəˌraɪz]","2","1540885025","1541144225"
"služby","utility ","[juːˈtɪlɪtɪ]","2","1540885187","1541144387"
"vést co v patrnosti","to bear sth in mind","","2","1540885442","1541144642"
"libovolné soubory","arbitrary files","","2","1540885651","1541144851"
"Das ist richtig deutlich","This is really clear","","2","1540885670","1541144870"
"Komplezo (ochota/úslužnost) kostas nenion","a favour costs nothing","","2","1540885680","1541144880"
"ten muž se sesypal","the man fell to pieces","","2","1540885688","1541144888"
"bez spuštění","without launching ","[lónšing]","2","1540885905","1541145105"
"nepřát komu nic dobrého, chovat vůči/ke komu nepřátelství/nevoli/zášť","bear sb ill will","","1","1541018812","1541145493"
"spustit úlohy současně","run tasks simultaneously ","[ˌsaɪməlˈteɪnɪəslɪ]","2","1540887570","1541146770"
"týdny násilí vyvrcholily brutální vraždou","weeks of violence culminated in the brutal murder","","2","1540887629","1541146829"
"obtěžování, pronásledování (známé osobnosti atd)","stalking","","2","1540887662","1541146862"
"hbitost, svižnost","agility ","[əˈdʒɪlɪtɪ]","2","1540888405","1541147605"
"speciálně optimalizované","specifically  optimized ","[spesifikli][optimajzd]","2","1540888437","1541147637"
"udělat to smysluplným způsobem","do that in a meaningful way","","2","1540888457","1541147657"
"udělat to na záměru založeném způsobu/stylu","do that in an intent based manner","","2","1540888463","1541147663"
"stížnost, reklamace, důvod k nespokojenosti","complaint [kəmˈpleɪnt]","","2","1540888524","1541147724"
"využít příležitosti","to make use of an opportunity","","2","1540888642","1541147842"
"až na koupelnu (kromě koupelny)","except for the bathroom","","4","1541108241","1541151441"
"Schůze se protáhla do večera","The meeting extended into the evening.","","4","1541108248","1541151448"
"připustit, přiznat","concede ","[kənˈsiːd]","5","1541109676","1541153450"
"Je zřejmé , že","It's evident that","","3","1541033727","1541154687"
"šílet, ztratit hlavu, zpanikařit","to freak ","[friːk]","5","1541110294","1541154985"
"falešně tě obvinil","he framed you","","5","1541110289","1541156516"
"vypadat nápadně","to look conspicuous ","[kənˈspɪkjʊəs]","5","1541110070","1541156576"
"v rázném způsobu (rázným způsobem)","in a vigorous manner","[ˈvɪgərəs] ","5","1541110060","1541156578"
"bezúčelnost, zbytečnost","pointlessness","","5","1541110544","1541156584"
"pocit úspěchu","a sense of achievement","","3","1541035856","1541159730"
"získat dobré/špatné známky","get good/poor grades","","1","1541015070","1541160222"
"prozíravost , předvídavost , obezřetnost","foresight ","[ˈfɔːˌsaɪt]","4","1541109819","1541163922"
"to nejlepší teprve přijde","The best is yet to come","","4","1541110432","1541165046"
"Laŭ ilia peto ...","Per their request ...","","2","1541022611","1541167763"
"trochu víc","little more","","2","1541022615","1541167767"
"očividný, zřejmý, patrný","palpable ","[ˈpælpəbəl]","4","1541109451","1541167802"
"starat se","to look after","","4","1541109646","1541168078"
"zotavit se z poruch/chyb","to recuperate [rekjuperejt] from failures","","4","1541109627","1541168100"
"lakomý / štědrý","stingy [ˈstɪndʒɪ] / generous [ˈdʒenrəs]","","4","1541109750","1541168143"
"very annoying","obnoxious ","[əbˈnɒkʃəs]","4","1541109758","1541168153"
"pod mojí kompetencí (mám za to zodpovědnost, jsou k mé dispozici)","under my purview","","4","1541108346","1541168314"
"předvídat, očekávat","to anticipate ","[ænˈtɪsɪˌpeɪt]","4","1541109867","1541168545"
"to worry someone or make someone nervous","to rattle","","4","1541109858","1541168558"
"lišit se od jednoho jazyka k druhému","to vary from one language to another","","4","1541109520","1541168591"
"dělat tajnosti s čím","be secretive about sth","","4","1541109998","1541168756"
"věnovat se projektu","dedicate yourself to a project","","4","1541109964","1541168780"
"nedodržet, porušit","to renege ","[-ˈneɪg]","4","1541110351","1541169914"
"zařídit aby","make arrangement for","","1","1540966865","1541170077"
"velké prázdno v mém životě (něco jsem přestal dělat)","huge void in my life","","1","1540966929","1541170141"
"plnit (vykonávat, provádět) rodinné povinnosti","discharge family duties","","4","1541110519","1541171904"
"budu to potřebovat přes to všechno","I'm gonna need it after all","","4","1541110321","1541171913"
"on je krok přede mnou (i přeneseně)","he's been a step ahead of me","","4","1541110305","1541171913"
"přivodit, způsobit","bring on","","4","1541110534","1541171928"
"vyžít (uživit se, existovat) jeho úsilím","to subsist by his effort","","4","1541110498","1541171971"
"vyvrátit, dokázat nesprávnost","refute ","[rɪˈfjuːt]","4","1541109928","1541172092"
"odložme učinění rozhodnutí do","Let's hold off making a decision until","","4","1541110083","1541172095"
"vyhýbáš se svým závazkům(povinostem)","you duck your responsibilities","","4","1541110117","1541172101"
"spousta drbů o sth","a lot of gossip about sth","","4","1541110032","1541172101"
"popud, motivace, podnět","incentive ","[ɪnˈsentɪv]","4","1541110195","1541172114"
"nahánět sb hrůzu","to give sb the creeps","","4","1541110210","1541172119"
"rozptylují, znepokojují tě","they distract you","","4","1541110168","1541172134"
"patrně, zřejmě, podle všeho...","apparently [əˈpeərəntlɪ]","","4","1541110019","1541172324"
"informace poskytnutá včas","information provided in due time","","4","1541111234","1541173028"
"je prostě směšné","... is simply hilarious [hɪˈleərɪəs]","","4","1541111210","1541173036"
"začít vyvádět/zuřit","go into a frenzy","","3","1541108101","1541174081"
"překvapivě","amazingly","[əˈmeɪzɪŋlɪ]","3","1541004926","1541174270"
"vyděsit se, polekat se","to get scared ","[skeəd]","2","1540918162","1541177362"
"k čemu je to vlastně dobrý","what it's actually good for","","2","1541033737","1541178889"
"složitý, komplikovaný","tangled ","[ˈtæŋgəld]","4","1541109429","1541179355"
"svolný, povolný, vyhovující, ochotný","compliant [kemplaient]","","4","1541109902","1541180172"
"make unhappy","to bring sb down","","4","1541108359","1541180975"
"katastrofální","disastrous ","[dɪˈzɑːstrəs]","3","1541109413","1541182160"
"proměnlivý (situace, osoba - náladová)","volatile ","[ˈvɒləˌtaɪl]","4","1541109480","1541182498"
"slizcí/lstiví prodejci","slimy salespeople","","3","1541109764","1541182749"
"být nejistý a mít nízkou sebe-úctu","be insecure and have low self-esteem","","3","1541109812","1541182877"
"přímo se týkat sth","immediately concern sth","","3","1541108381","1541183326"
"oddávat se vzpomínkám","to reminisce ","[ˌremɪˈnɪs]","3","1541108276","1541183357"
"ostře zkritizovat sb","to lash out sb","","3","1541108395","1541183377"
"(domýšlivý , namyšlený , suverénní) a (záludný , prohnaný , nečestný)","cocky  and devious ","[ˈkɒkɪ][ˈdiːvɪəs]","3","1541109509","1541183741"
"divoký, horečný","frenzied ","[ˈfrenzɪd]","3","1541109932","1541184067"
"zahrnující několik aktuálních událostí","comprising some topical issues","","3","1541109384","1541184554"
"(po)užívat to nevhodnými způsoby","using it in inappropriate ways","","2","1541035904","1541184580"
"napálit, oklamat","to dupe ","[djuːp]","3","1541110176","1541185073"
"očekávaný, výhledový, možný","prospective ","[prəˈspektɪv]","4","1541109552","1541185230"
"nedělejme nic ukvapeně","let's not do anything rash","","3","1541110277","1541187341"
"nedbalý (dva výrazy)","unmindful, careless","","3","1541110509","1541187350"
"pojďme k bodu (k věci, tématu)","let's get to the point","","3","1541110093","1541187571"
"pokud vím (my personal opinion about sth)","as far as I'm concerned","","3","1541110050","1541187591"
"pravděpodobně to simluje (nemoc)","he's probably faking it","","3","1541110040","1541187607"
"usmířit je","to make them reconcile","","3","1541110189","1541187612"
"vzpomínával na své dětství","he used to reminisce about his childhood","","3","1541110140","1541187614"
"na to si brzo zvykneš","You will soon get used to it.","","3","1541110156","1541187623"
"zrakové vnímání, vjem","visual perception ","[pəˈsepʃən]","3","1541110007","1541187986"
"zvýšit naše úsilí","step up our efforts","","3","1541111218","1541188489"
"Ĉu vi havas aliron al la interreto ?","Do you have access to the internet?","","1","1541022599","1541191943"
"Wir we sind verpflichtet (povinni)","we are obliged","","1","1541022605","1541191949"
"šlacha","tendon ","[ˈtendən]","2","1541110415","1541192335"
"ledabylý téměř lajdácký","careless almost sloppy","","2","1541109785","1541197649"
"majetnický","possessive ","[pəˈzesɪv]","2","1541109471","1541197667"
"věnovat sth velkou pozornost","to pay close attention to sth","","3","1541109946","1541197808"
"pěstovat dobytek","to breed cattle","","3","1541108267","1541198057"
"obstát pod jakoukoliv kritikou","to stand up under any criticism","","2","1541109585","1541198094"
"rozvaha, vyrovnanost","composure ","[kəmˈpəʊʒə]","2","1541109567","1541198190"
"usmířit se, urovnat spory","to reconcile ","[ˈrekənˌsaɪl]","2","1541108296","1541198191"
"horší, podřadná kvalita","inferior quality","[ɪnˈfɪərɪə]","2","1541109559","1541198271"
"zkontrolovat co je nového na sociálních sítích","check what's new on social networks","","2","1540939112","1541198312"
"na nejrůznějších internetových webech","on a variety of web sites"," [vəˈraɪɪtɪ]","2","1540939116","1541198316"
"jen jako záložní řešení","only as a backup solution","","2","1540939885","1541199085"
"z různých kultur","from different cultures","","2","1540939890","1541199090"
"nic neřekl během porady","he kept quiet through the meeting","","2","1540939916","1541199116"
"umíš si představit jaké by to bylo?","can you imagine what it would be like","","2","1540939937","1541199137"
"zákon stanovuje, že","The law stipulates that","[ˈstɪpjʊˌleɪt]","2","1541109400","1541199614"
"stále více dbalý že","increasingly mindful that","","2","1541110399","1541199700"
"horečnaté, rychle-odpalující randění","frenzied, quick-fired dating","","2","1541111257","1541200745"
"vnímavý, bystrý, všímavý","perceptive ","[pəˈseptɪv]","2","1541111251","1541200857"
"start talking about a subject","bring something up","","3","1541108118","1541201886"
"nedodrželi (stáhli) tu nabídku","they reneged on the offer","","2","1541110472","1541202683"
"věnuji pozornost politice (týkám sebe s politikou)","to concern myself with politics","","2","1541110410","1541202700"
"at the same time; simultaneously [ˌsaɪməlˈteɪnɪəslɪ]","concurrently /kənˈkʌrəntli/","","2","1541110455","1541202750"
"komenty překročily hranice (byly mimo hranice)","comments were out of bounds","","2","1541110249","1541202754"
"To na to nemá žádný vliv.","It has no bearing on this.","","3","1541108372","1541202810"
"cluster je pevně spojen","cluster is tightly coupled","","1","1541033742","1541203086"
"vše prochází (hodnocení průběhu nastavení/aplikací...)","everything's coming through","","1","1541033750","1541203094"
"zavrhovaný","deprecated ","[deprikeitid]","1","1541033755","1541203099"
"nenazýval bych to přesně spaním","I wouldn't exactly call it sleeping","","2","1541111247","1541203932"
"smysluplně","meaningfully","","2","1541111204","1541204068"
"explode","to blow up","","4","1541108352","1541210291"
"překonat (tu) závislost na sth","to overcome the addiction to sth","","2","1541108139","1541211485"
"vrátit se k libovolnému releasu","to rollback any release","","1","1541109663","1541211811"
"odvozovat jakýkoliv zisk z","derive any benifit from","","1","1541109687","1541212214"
"dodržovat ty předpisy","observe  the rules","[əbˈzɜːv]","1","1541109695","1541212225"
"vyrazit v osm hodin","to set off at eight o'clock","","1","1541108419","1541212317"
"čitelný podpis","a legible [ˈledʒəbəl] signature [ˈsɪgnɪtʃə]","","1","1541109458","1541212344"
"nic zvláštního by se nestalo","nothing major would happen","","1","1541109494","1541212506"
"udělat grimasu (zašklebit se)","make a grimace [grɪˈmeɪs]","","1","1541109437","1541212584"
"poplatek","charge [tʃɑːdʒ]","","1","1541108390","1541213122"
"je to pozoruhodné","it's remarkable","","1","1541109454","1541213317"
"never get stressed","be easy-going","","1","1541110225","1541213364"
"zmatený, chaotický, nesystematický","disorganized ","[ˌdɪsˈɔːgənaɪzd]","1","1541110240","1541213371"
"on pozdvihl své obočí","he raised his eyebrows","","1","1541109937","1541213728"
"podvodně zmanipulovat tu loterii (hru)","to rig the lottery","","1","1541109443","1541213954"
"vybrat si, zvolit si","to pick out","","1","1541109419","1541214092"
"zamotat se/zaplést se do sth","to get tangled up in sth","","2","1541109735","1541214373"
"kontaktovat tě každý den","to check in with you every day","","2","1541109973","1541214830"
"confirm sth and make it stronger","to reaffirm sth","","2","1541108123","1541215301"
"prozradit, vyzradit","to leak","","1","1541109950","1541215412"
"být na odchodu","to be just about to leave","","2","1541109908","1541215850"
"umělý/křečovitý úsměv","strained smile","","2","1541109576","1541218483"
"povzbuzoval ji po celý závod","he cheered her on through the entire race","","2","1541109604","1541218486"
"to bylo lehkovážné","it was frivolous ","[ˈfrɪvələs]","1","1541110235","1541218548"
"lstivý, prohnaný, šibalský","sly ","[slaɪ]","2","1541108404","1541218558"
"rozmazlený, zhýčkaný (zkažený o jídle)","spoilt ","[spɔɪlt]","2","1541108410","1541218562"
"useknout, odseknout","to chop off","","1","1541110023","1541218958"
"don't mention it","don’t bring it up","","2","1541108256","1541220144"
"rušící, obtěžující, rušivý","obtrusive ","[əbˈtruːsɪv]","4","1541140842","1541225182"
"stoupající nebo klesající","rising or descending ","[dɪˈsendɪŋ]","4","1541140717","1541225196"
"mstivý","vindictive ","[vɪnˈdɪktɪv]","4","1541140479","1541225224"
"rozumná ceny","reasonable costs","","2","1540967090","1541226290"
"stopování","hitch-hiking","","2","1540967138","1541226338"
"deprese","dejection [dɪˈdʒekʃən]","","1","1541109423","1541231788"
"získat si jeho pozornost","to grab his attention","","1","1541109958","1541232518"
"nepříznivě","adversely ","[ˈadvəːsli]","1","1541108363","1541233682"
"pronajímat, pronajmout","hire out","","1","1541109434","1541237993"
"rely on sth/sb","count on sth/sb","","1","1541108145","1541238559"
"případné problémy","potential problems","","4","1541151398","1541238760"
"nepříznivě ovlivňují po léta","adversely affected for years","","4","1541151394","1541238763"
"skoro jako bych bydlel v číně","almost as if I were living in China","","2","1540980891","1541240091"
"raise a child","bring someone up","","2","1540980945","1541240145"
"ten druhý se vztahuje k tomu, jak my...","the second one is related to how we...","","4","1541151039","1541242555"
"nevrlý, mrzutý x přátelský, srdečný","bad-tempered x good-tempered","","3","1541140797","1541246290"
"marná snaha","vain effort","","3","1541140836","1541246301"
"praktický, pohodlný","convenient ","[kənˈviːnɪənt]","3","1541140886","1541246329"
"rande, které se nikdy neodehrálo","a date which never took place","","3","1541140680","1541246379"
"I'm completely unable to answer a question or solve a problem because it is too difficult (zaražen, vyveden z míry)","I'm completely stumped","","3","1541140434","1541246385"
"co máš nejméně rád o sth","what do you least like about sth","","3","1541140665","1541246516"
"předstírání, přetvářka","pretence ","[prɪˈtens]","1","1541013885","1541250966"
"ta rakovina byla způsobena lety kouření","the cancer was brought on by years of smoking","","2","1540994058","1541253258"
"piknik byl odvolán kvůli dešti","picnic was called off because of the rain","","2","1540994073","1541253273"
"něco se naskytlo tak jsem to musel stornovat","something came up so I had to cancel","","2","1540994106","1541253306"
"nevyhnutelný","inevitable ","[ɪnˈevɪtəbəl]","2","1540994183","1541253383"
"předvést důležitou roli","to perform an important role","","4","1541151284","1541254279"
"snaží se vydělat nějaké peníze","she struggles to earn some money","","4","1541151458","1541259348"
"přivést sb k nepříčetnosti","drive sb into a frenzy","","3","1541151252","1541260377"
"bezcitný / citlivý","callous [ˈkæləs] / sensitive","","3","1541151375","1541260614"
"(to) počasí bude proměnlivé/ustálené","the weather will be changeable/settled","","1","1540828694","1541260694"
"utopit (se) (koho)","drown ","[draʊn]","1","1540828708","1541260708"
"nejsou tak výhodné jako","aren't as convenient as","","4","1541151450","1541260710"
"ahoj","hello","helou","1","1540828714","1541260714"
"v souladu s mezinárodními standardy","in compliance with international standards","","4","1541151444","1541260717"
"konečně se vzmohli (byli schopni) na koupení","They were finally able to buy","","1","1540828730","1541260730"
"garsonka","bedsit","","1","1540828824","1541260824"
"pay attention -> take ...","notice","","1","1540828828","1541260828"
"stůl","table","tejbl","1","1540828830","1541260830"
"nedostatek kontroly (schopnosti ovládat něco)","lack of control","","1","1540828861","1541260861"
"cesta bude zledovatělá","road will be icy","","1","1540828868","1541260868"
"jasná obloha","clear skies","","1","1540828873","1541260873"
"Podle doktora to není dobrá myšlenka (nápad)","According to doctors it isn't a good idea","","1","1540828878","1541260878"
"opposite of a nervous person -> take things ...","easy","","1","1540828883","1541260883"
"majetek","property","","1","1540828974","1541260974"
"příležitostně","occasionally ","[əˈkeɪʒənəlɪ]","1","1540828988","1541260988"
"sporadický, ojedinělý","sporadic ","[spəˈrædɪk]","1","1540828991","1541260991"
"mimozemšťan, cizák","alien ","[ˈeɪlɪən]","2","1541004835","1541264035"
"několik druhů/typů","several types","","2","1541004863","1541264063"
"typický představitel","representative ","[ˌreprɪˈzentətɪv]","2","1541004877","1541264077"
"je zabranej svojí prací (nemá na nic jiného čas)","is caught up in his work","","3","1541151028","1541265427"
"problém má potencionálně omezený dopad(efekt)","the problem has potentially limited effect","","3","1541151049","1541265445"
"skrýt, (za)maskovat","to disguise ","[dɪsˈgaɪz]","2","1541140461","1541265912"
"povinný, závazný, nezbytný, nutný","obligatory ","[-trɪ]","2","1541140469","1541265921"
"on je typ osoby, která","he's the kind of person who","","2","1541140806","1541267385"
"čím je chladněji, tím více ...","the colder it is the more ...","","2","1541140829","1541267389"
"dodatečný, doplňkový","additional ","[əˈdɪʃənəl]","2","1541140893","1541267427"
"na základě sth","on the grounds of sth","","2","1541140915","1541267445"
"z důvodu sth (dva výrazy)","due to sth, because of sth","","2","1541140922","1541267451"
"čím větší prostor mezi ... tím více si přeješ ...","the more space between ... the more you wish ...","","2","1541140697","1541267534"
"tajnůstkářský, uzavřený","secretive ","[sɪˈkriːtɪv]","2","1541140703","1541267535"
"tendence vzdát, když je čeleno problémům","tendency to give up when faced with problems","","2","1541140780","1541267544"
"komplex méněcennosti","an inferiority complex","","2","1541140504","1541267568"
"nezměnitelný/neměnný osud","unalterable [ʌnˈɒltərəbəl] destiny","","2","1541140539","1541267581"
"ty nové okolnosti si vynutily změnu","The new circumstances compelled a change","","2","1541140413","1541267584"
"prozíravý, chytrý, mazaný","astute ","[əˈstjuːt]","2","1541140448","1541267600"
"přijaté návrhy","enacted (ɪˈnakt) proposals","","2","1541140404","1541267606"
"nemluv vyhýbavě (neurčitě)","don't equivocate [ɪˈkwɪvəˌkeɪt]","","2","1541140331","1541267606"
"zastrašit sb všemi dostupnými prostředky","to intimidate sb by every means available","","2","1541140348","1541267609"
"to give your time to something and make progress with it (poradit si s tím)","get on with","","2","1541140583","1541267627"
"jsi prostě druh co si s tím poradí","you just sort of get on with it","","2","1541140610","1541267669"
"ani vzdáleně přišlo blíž k tomu (ani vzdáleně k tomu nedošlo)","even remotely came close to it","","2","1541140646","1541267726"
"třídění odpadu","waste separation","","3","1541151480","1541268905"
"nejvíce uspokojující pro mě","the most rewarding for me","[rɪˈwɔːdɪŋ]","1","1540839485","1541271485"
"odhad, odhadnout","estimate ","[ˈestɪˌmeɪt]","1","1540839514","1541271514"
"sth vypadá více hrozivě","sth seems more scary","","1","1540839543","1541271543"
"ačkoliv trochu pršelo","although it rained a bit","","1","1540839560","1541271560"
"úmysl","intent","","2","1541013769","1541272969"
"mám to pod kontrolou, zvládám...","I got it","","2","1541014237","1541273437"
"prapůvodní, domorodý","aboriginal ","[ˌæbəˈrɪdʒɪnəl]","2","1541014275","1541273475"
"vybírat daně","to collect taxes","","2","1541014430","1541273630"
"hlavní (ústřední) problémové téma","a central issue","","2","1541014453","1541273653"
"namáhat sluch","to strain ears","","2","1541014640","1541273840"
"mít averzi k sth","to have an aversion to sth","","2","1541014703","1541273903"
"řízení způsobuje nehody","driving causes accidents","","2","1541015146","1541274346"
"trvá mi hodinu dostat se tam","it takes me an hour to get there","","2","1541015158","1541274358"
"trvám na tom","I insist","","2","1541015181","1541274381"
"vždy se dostane do práce včas","he always gets to work on time","","2","1541015203","1541274403"
"dalekohled","binoculars ","[bi'nokjulez]","2","1541015227","1541274427"
"nedostatek, deficit, nedostatečnost","deficiency ","[dɪˈfɪʃənsɪ]","2","1541015454","1541274654"
"...ačkoliv nebyl pozván","...even thought he wasn't invited","","2","1541015646","1541274846"
"vyjma faktu, že... (akorát že...)","except of the fact, that...","","2","1541015675","1541274875"
"změnit umístění","to change location","","2","1541015763","1541274963"
"nesrovnalost, rozporuplnost","inconsistency ","[ˌɪnkənˈsɪstənsɪ]","2","1541015772","1541274972"
"vyzvednout ten dopis","take the letter out","","2","1541016494","1541275694"
"přetržené vazy","torn ligaments","","2","1541016547","1541275747"
"politik","politician ","[ˌpɒlɪˈtɪʃən]","2","1541016722","1541275922"
"klíčový, rozhodující","crucial ","[ˈkruːʃəl]","2","1541016817","1541276017"
"je zvykem...","It's customary to...","","2","1541016842","1541276042"
"obvyklý, tradiční","customary","[-təmrɪ]","2","1541016848","1541276048"
"být trochu nebezpečné (trochu minové pole)","to be a bit of a minefield","","2","1541016857","1541276057"
"udělat v něčem zmatek","to muddle sth","","2","1541016879","1541276079"
"obejít se (bez něčeho...)","to go by","","2","1541017003","1541276203"
"zvyknout si na sth","to get used to sth","","2","1541017018","1541276218"
"chlubit se","to brag","","2","1541017081","1541276281"
"chutnat kysele","to taste sour","","2","1541017110","1541276310"
"rozlobit se na sb","to get angry with sb","","2","1541017145","1541276345"
"zuřící řeka","raging river","","2","1541017171","1541276371"
"namáhavý, pracný (těžce jdoucí)","heavy going","","2","1541017189","1541276389"
"silný (těžký) alkoholik/kuřák","heavy drinker/smoker","","2","1541017209","1541276409"
"hustý déšť/sněžení","heavy rain/snowfall","","2","1541017214","1541276414"
"louže, kaluž","puddle [ˈpʌdəl]","","2","1541017226","1541276426"
"zapíchnout hůl","to stick a stick","","2","1541017235","1541276435"
"přijímový doklad","cash receipt ","[rɪˈsiːt]","2","1541017244","1541276444"
"stvrzenka, paragon","receipt ","[rɪˈsiːt]","2","1541017266","1541276466"
"lázeňská léčba","spa treatment","","2","1541017287","1541276487"
"smutek, žal","sadness ","[sædnɪs]","2","1541017306","1541276506"
"přimělo mě to přemýšlet...","it made me think...","","2","1541017642","1541276842"
"dáme vám vědět","we will let you know","","2","1541017651","1541276851"
"obřad, ceremoniál","ceremony ","[ˈserɪmənɪ]","2","1541017921","1541277121"
"ochrana přírody","nature conservation","","2","1541017953","1541277153"
"objímači stromů (ochránci přírody)","tree huggers","","2","1541017963","1541277163"
"přírodní pohroma/zdroje/vědy","natural  disaster/resources/sciences","[-tʃərəl]","2","1541017991","1541277191"
"zacházet do extrému","to go to extremes","","2","1541018029","1541277229"
"v krajním případě","in extreme cases","","2","1541018044","1541277244"
"nedívej se na mě tak","don't look at me like this","","2","1541018085","1541277285"
"odložit to na pondělí","to put off it on monday","","2","1541018183","1541277383"
"řešení lidských problémů","sorting out people's problems","","2","1541018263","1541277463"
"zákaz lovu","ban on hunting","","2","1541018330","1541277530"
"nesprávně vyhodnocen","incorrectly evaluated ","[ɪˈvæljʊˌeɪt]","2","1541018442","1541277642"
"přibližně","approximately [əˈprɒksɪmətlɪ]","","2","1541018522","1541277722"
"přiblížení, odhad","approximation [əˌprɒksɪˈmeɪʃən]","","2","1541018528","1541277728"
"ani trochu, ani v nejmenším","not a bit","","2","1541018533","1541277733"
"asi dva metry","approximately two meters","","2","1541018548","1541277748"
"alespoň to zkusit","at least try it","","2","1541018553","1541277753"
"nastavitelný, upravitelný","adjustable ","[əˈdʒʌstəbəl]","2","1541018669","1541277869"
"křivda","wrongdoing","","2","1541018775","1541277975"
"odvyknout (vypadnout ze sth)","get out of sth","","2","1541018793","1541277993"
"neporovnatelně více úspěšné","incomparably more successful","","2","1541019000","1541278200"
"vyžadované úsilí","required effort","","2","1541019082","1541278282"
"začít pak, přikročit (k čemu), následně (udělat co)","proceed [prəˈsiːd]","","2","1541020636","1541279836"
"vyžadující po nás udělat sth","to require us to do sth","","2","1541020655","1541279855"
"se všemi těmi závislostmi","with all the dependencies","","2","1541020679","1541279879"
"je považován za úspěšný","is considered successful","","2","1541020771","1541279971"
"pomocný, přídavný (lidé, zařízení...)","auxiliary ","[-ˈzɪlə-]","2","1541020788","1541279988"
"poskytovat mnoho detailů","to provide many details","","2","1541020870","1541280070"
"začít se zhoršovat","to start getting worse","","2","1541020932","1541280132"
"opustit, zanedbat, vzdát se, zříci se","to abandon ","[əˈbændən]","2","1541020953","1541280153"
"náhle se mu spustila krev z nosu","he suddenly starts having a nosebleed","","1","1540848166","1541280166"
"krevní tlak","blood pressure","","1","1540848171","1541280171"
"stisknout (tu) měkkou část jeho nosu","pinch the soft part of his nose","","1","1540848179","1541280179"
"spálila si svou ruku","she burned her hand","","1","1540848186","1541280186"
"to bolí hodně","it hurts a lot","","1","1540848189","1541280189"
"modřina","bruise [bruːz]","","1","1540848191","1541280191"
"uhasit mou žízeň","to quench my thirst","","2","1541020998","1541280198"
"vyhledat","to look up","","2","1541021015","1541280215"
"posunout na později","to put off","","2","1541021062","1541280262"
"průjem","diarrhoea [ˌdaɪəˈrɪə]","","1","1540848262","1541280262"
"moje noha bolí","My leg aches [eik]","","1","1540848265","1541280265"
"pokrýt to igelitovým pytlíkem nebo krémem na opalování","cover it with a plastic bag or suncream","","1","1540848269","1541280269"
"uhasit","to put out","","2","1541021071","1541280271"
"toto mi dává husí kůži (z toho mi naskakuje...)","That gives me goose bumps","","1","1540848271","1541280271"
"opuchnout","get swollen","","1","1540848274","1541280274"
"hruď, hrudník","chest [tʃest]","","1","1540848276","1541280276"
"bolest břicha","stomach ache [ˈstʌməkˌeɪk]","","1","1540848278","1541280278"
"vymyslet (dvě frázová slovesa bez "to" oddělené čárkou)","make up, think up","","2","1541021085","1541280285"
"sfouknout, narychlo udělat sth","rush sth through","","1","1540848295","1541280295"
"zbavit se","to get rid of","","2","1541021097","1541280297"
"vzpříčit se v jeho krku","got stuck in his throat","","1","1540848298","1541280298"
"být propuštěn","to get fired","","2","1541021116","1541280316"
"začal modrat","he began to turn blue","","1","1540848316","1541280316"
"srazit dolů (tu) úroveň stresu","cut down the stress level","","1","1540848322","1541280322"
"zaražen v dopravní zácpě","stuck in a traffic jam","","1","1540848326","1541280326"
"krátkodobý stres","short-term stress","","1","1540848330","1541280330"
"zasnoubit se","to get engaged","","2","1541021131","1541280331"
"prospěšný našemu zdraví","benificial for our health","","1","1540848334","1541280334"
"prospěšný","beneficial [ˌbenɪˈfɪʃəl]","","1","1540848339","1541280339"
"ztratit se","to get lost","","2","1541021143","1541280343"
"posílit, podpořit, posilnit","strengthen [ˈstreŋθən]","","1","1540848355","1541280355"
"několik malých úprav","a few small adjustments","","2","1541021203","1541280403"
"můj čas byl vzat mnoha věcmi","my time was taken up by many things","","2","1541021304","1541280504"
"on se tak nasral, když našel...","he got so pissed off when he found...","","2","1541021329","1541280529"
"nesrovnalost mezi různými instancemi","discrepancy between different instances","","2","1541021442","1541280642"
"zabraňující nám být rychlí","preventing us to be fast","","2","1541021455","1541280655"
"zvyšující (tu) pravděpodobnost selhání","increasing the probability of a failure","","2","1541021466","1541280666"
"sestaven z malých, nezávislých a soběstačných apps","composed of small, independent and self-sufficient apps","","2","1541021489","1541280689"
"risk/riziko svázané se změnami","risk tied with changes","","2","1541021505","1541280705"
"redukovat (to) riziko svázané s neznámým","reduce the risk tied to unknown","","2","1541021519","1541280719"
"provést preventivní opatření","take preventive measures","","3","1541151257","1541280918"
"vrátit ty změny","to rollback the changes","","2","1541021718","1541280918"
"zabrat dlouhý čas na spuštění","to take a long time to run","","2","1541021729","1541280929"
"máme k (naší) dispozici","we have at our disposal ","[dɪˈspəʊzəl]","2","1541021750","1541280950"
"umístěn na sdílené jednotce","located on a share drive","","2","1541021790","1541280990"
"mnohem menší riziko","much lower risk","","2","1541021797","1541280997"
"morally shocking or offensive","hideous ","[ˈhɪdɪəs]","2","1541021882","1541281082"
"disfunkční vztah","a dysfunctional  relationship","[dɪsˈfʌŋkʃənəl]","2","1541021889","1541281089"
"zkažené jídlo","spoiled food","","2","1541021924","1541281124"
"vzít na hůl, oškubat","to rip off","","2","1541021956","1541281156"
"vylekat, polekat","to startle ","[ˈstɑːtəl]","2","1541021977","1541281177"
"ustoupit ve sporu (slézt dolů z něčeho)","to climb down","","2","1541021986","1541281186"
"jaké to bylo když jsi ...","what was it like when you ...","","1","1540849382","1541281382"
"nepořádný, bordelář / pořádkumilovný","messy  / neat ","[ˈmesɪ][niːt]","1","1540849391","1541281391"
"pachatel, provinilec","offender","[əˈfendə]","1","1540849439","1541281439"
"to je velmi podmanivé (okouzlující)","it's very engaging","[ɪnˈgeɪdʒɪŋ]","1","1540849445","1541281445"
"nevědomky","unwittingly","[ʌnˈwɪtɪŋlɪ]","1","1540849468","1541281468"
"následující proces","following process","","1","1540849478","1541281478"
"může zvýšit tu produkci","can increase the production","","1","1540849484","1541281484"
"rozhodný, důrazný","assertive","[əˈsɜːtɪv]","1","1540849489","1541281489"
"přišli jsme na příčinu smrti","We've Found Out Cause Of Death","","1","1540849525","1541281525"
"přesměrovat, přeorientovat","redirect","[ˌriːdaɪˈrekt]","1","1540849529","1541281529"
"bez ikon","without icons","[ˈaɪkɒn]","1","1540849531","1541281531"
"naznačovat, signalizovat","signify","[ˈsɪgnɪˌfaɪ]","1","1540849534","1541281534"
"definitivní (skutečné, hmatatelné) zlepšení","definite improvement","[ˈdefɪnɪt]","1","1540849572","1541281572"
"pozadu se sth","behind with sth","","1","1540849576","1541281576"
"umělými prostředky","by artificial means","","1","1540849579","1541281579"
"nepravidelné","irregular","[ɪˈregjʊlə]","1","1540849591","1541281591"
"vynalézavý (nápaditý) kuchař","imaginative cook","","1","1540849596","1541281596"
"vymyšlená historka","imaginative story","","1","1540849613","1541281613"
"splnit/naplnit očekávání","come up to expectation","","2","1541022451","1541281651"
"podtrhujíc (zdůrazňujíc) to empaticky","underlining this emphatically.","","1","1540850128","1541282128"
"zdravý (selský) rozum","common sense","","1","1540850131","1541282131"
"ustálená představa","stereotype","[ˈstɪərotajp]","1","1540850136","1541282136"
"neschopni zvládnout (obejít se) bez nich","unable to cope without them","","1","1540850144","1541282144"
"nehorázný, šokující","outrageous","[aʊtˈreɪdʒəs]","1","1540850150","1541282150"
"bezrukávů tričko","sleeveless T-shirt","","1","1540850171","1541282171"
"trapné ticho","embarrassed  silence","[ɪmˈbærəst]","1","1540850217","1541282217"
"zoufale","desperately","[-prɪtlɪ]","1","1540850221","1541282221"
"odradit, znechutit, vzít odvahu","discourage","[dɪsˈkʌrɪdʒ]","1","1540850225","1541282225"
"neužitečný, zbytečný, neochotný spolupracovat","unhelpful","[ʌnˈhelpfʊl]","1","1540850228","1541282228"
"žádej své peníze zpět","claim your money back","","1","1540850231","1541282231"
"tvrdí, že je ...","he claims to be ...","","1","1540850236","1541282236"
"dělá si někdo nárok na tuhle knihu?","does anyone claims this book?","","1","1540850251","1541282251"
"to auto se velmi snadno řídí (kormidluje)","This car is very easy to steer","","1","1540850258","1541282258"
"řídící (to) auto opatrně","steering the car carefully","","1","1540850264","1541282264"
"pozorovat a popisovat svět","observe and describe the world","","1","1540850286","1541282286"
"auto je táhnoucí karavan","car is towing a caravan","","1","1540850292","1541282292"
"vezmu sbth do vleku (odtáhnu)","I'll give sbth a tow","","1","1540850297","1541282297"
"vysvobození z našich hříchů","deliverance from our sins","","1","1540850301","1541282301"
"neochotně, nerad, proti své vůli","unwillingly","[ʌnˈwɪlɪŋlɪ]","1","1540850305","1541282305"
"lpět, lepit se (všechny 3 tvary)","cling clung clung","","1","1540850309","1541282309"
"oblečení (oděvy) se na nás lepilo","clothes clung to us","","1","1540850314","1541282314"
"dítě bylo lnoucí k hračce","child was clinging onto a toy","","1","1540850333","1541282333"
"mokré vlasy se lepily k její tváři","wet hair clung to her face","","1","1540850342","1541282342"
"nepřiměřený k (toho) relativně malé velikosti","disproportionate to its relatively small size","","1","1540850393","1541282393"
"on má mnoho způsobů jak ovlivňovat","he has many ways to influence","","1","1540850398","1541282398"
"máme mnoho vlivů z USA (jsme ovlivňováni)","we have many influences from the USA","","1","1540850403","1541282403"
"nesnadný umlčet","difficult to silence","","1","1540850424","1541282424"
"ztratit vliv","lose influence","","1","1540850466","1541282466"
"cítila se neuvěřitelně šťastná","she felt unbelievable happy","","1","1540850473","1541282473"
"domluvili se 2 a.m. jako nejpozdější příchod","they agreed 2 a.m. as the latest return","","1","1540850483","1541282483"
"rostoucně (stále více) obtížný","increasingly difficult","","1","1540850487","1541282487"
"přesvědčili (přiměli) mě","they persuaded  m","[pəˈsweɪd]","1","1540850496","1541282496"
"především (obzvláště) když zapneš","especially if you turn on","","1","1540850504","1541282504"
"zastrašit, zastrašovat","intimidate [ɪnˈtɪmɪˌdeɪt]","","1","1541140788","1541286554"
"vyhovující","suitable","","1","1540855420","1541287420"
"řešení","solution","","1","1540855429","1541287429"
"umožnit","make possible","","1","1540855431","1541287431"
"omezen","restricted","","1","1540855434","1541287434"
"rozvíjející se","evolving","","1","1540855436","1541287436"
"uspokojující","satisfying","","1","1540855439","1541287439"
"nenávidět","can't stand","","1","1540855442","1541287442"
"navštěvovat","attend","","1","1540855448","1541287448"
"spustit ten zbytek testů","to execute the rest of tests","","2","1541150902","1541288188"
"stát se úzkým hrdlem (láhve)","to become the bottleneck","","2","1541151054","1541288229"
"řešit, vyřídit, vytřídit","to sort out","","2","1541151019","1541288308"
"klidný, nehybný, pasivní","quiescent ","[kwɪˈesənt]","2","1541151015","1541288317"
"build který prošel","build that passed","","2","1541151011","1541288417"
"má tendenci k","He tends to","","1","1541140809","1541288483"
"doplňková otázka","an additional question","","1","1541140898","1541288500"
"ambiciozní (projekt...) /ctižádostivý","ambitious ","[æmˈbɪʃəs]","1","1541140723","1541288563"
"výraz úcty","token of esteem ","[ɪˈstiːm]","1","1541140783","1541288672"
"Zítra se na to mrknu.","I'll have a look at it tomorrow.","","1","1541140485","1541288735"
"vnímání","perception ","[pəˈsepʃən]","1","1541140375","1541288814"
"to come out, to become known, vynořit se, ukázalo se...","emerge ","[ɪˈmɜːdʒ]","1","1541140366","1541288851"
"to have a positive opinion of sbth","approve of sbth","","1","1541140318","1541288926"
"začali jsme cpát hromady VM's na tyto servery","we started cramming a bunch of VM's on these servers","","2","1541151552","1541289358"
"spor je nepravděpodobný k vyřešení","dispute is unlikely to be settled","","2","1541151543","1541291080"
"vymyslet, vyzkoumat, přijít na co...","to figure  out","[ˈfɪgjər]","2","1541032160","1541291360"
"zvážit pro a proti (klady a zápory)","to weigh the pros and the cons","","2","1541032394","1541291594"
"mít co to chce (mít na to)","to have what it takes","","2","1541032402","1541291602"
"prostě odfoukni jeho komenty, jen žertuje","just blow off his comments, he's only joking","","2","1541032483","1541291683"
"všechny nás napálil","he duped all of us","","2","1541032626","1541291826"
"nepořádný, neuspořádaný (person, room, handwriting...)","untidy ","/ʌnˈtaɪ.di/","2","1541151492","1541291858"
"admit you were wrong (back...) 2 výrazy","to back off, to back down","","2","1541032812","1541292012"
"viděli jsme to po několik měsíců běžící/fungující","We have seen it for several months running","","2","1541032999","1541292199"
"tak nějak, přibližně","kind of, kinda","","2","1541033008","1541292208"
"je zcela možné","it's entirely possible","","2","1541033135","1541292335"
"nic jsem neprozradil","I didn't leak anything","","2","1541033151","1541292351"
"prolomit (přestoupit) ty pravidla","to break the rules","","2","1541033231","1541292431"
"předvídat nejvíce pravděpodobné problémy","to anticipate the most likely problems","","2","1541033314","1541292514"
"záslužný, přínosný","meritorious ","[ˌmerɪˈtɔːrɪəs]","2","1541151414","1541292649"
"najít si čas pro dělání sth (nějakou činnost)","get round to doing sth","","2","1541151268","1541292710"
"nedobrovolně (pod tlakem)","under pressure","","2","1541033824","1541293024"
"rozlišovat mezi nejrůznějšími","distinguish between the various","","2","1541033886","1541293086"
"vystupňovat, urychlit","step up","","2","1541033933","1541293133"
"urychlit práci na vytvoření sth","to step up work on the creation of sth","","2","1541033940","1541293140"
"právě jsem se dostala ze vztahu","I just got out of a relationship","","2","1541033980","1541293180"
"opravdu potřebuji (mám) být tady když děláš...","do I really need to be here when you do...","","2","1541034089","1541293289"
"učit se, jak se to dělá","learn how it's done","","2","1541034098","1541293298"
"udělat dojem","to make an impression","","2","1541034122","1541293322"
"sdílet tamten úhel pohledu (názor)","to share that point of view","","2","1541034143","1541293343"
"ten konečný výsledek byl správný","the end result was right","","2","1541034149","1541293349"
"to by bylo zábavné","it would be amusing","","2","1541034272","1541293472"
"zde je (existuje) obecné vnímání, že","There is a general perception that","","2","1541034355","1541293555"
"seřadit se","line up","","2","1541034376","1541293576"
"neobtěžuj se stlaním té postele","Don't bother making the bed","","2","1541034458","1541293658"
"ale prostě jsi se neobtěžoval","but you just didn't bother","","2","1541034467","1541293667"
"prozíravý byznisman","an astute businessman","","2","1541034491","1541293691"
"on byl politicky prozíravý","He was politically astute","","2","1541034497","1541293697"
"nechci o tom mluvit","I don't wanna talk about it","","2","1541034565","1541293765"
"ukvapený, zbrklý","rash ","[ræʃ]","2","1541034596","1541293796"
"poradit si s tím rychle","to deal with it quickly","","2","1541034701","1541293901"
"je pěkně zřejmé že (jasně patrné)","it's pretty obvious that","","2","1541034731","1541293931"
"jinak bych to nedělal","otherwise I wouldn't do it","","2","1541034757","1541293957"
"druh nutného zla","kind of necessary evil","","2","1541034772","1541293972"
"uvědomil si, že jeho první dojem byl špatný","he realized that his first impression was wrong","","2","1541034949","1541294149"
"on si uvědomil, že jeho první dojem byl špatný","he realized that his first impression was wrong","","2","1541034965","1541294165"
"je běžné mít několik","it's common to have some","","2","1541034990","1541294190"
"tvůj podpis implikuje (prozrazuje) že","your signature implies that","","2","1541035111","1541294311"
"totálně neambiciozní","totally unambitious","","2","1541035170","1541294370"
"zkoušel jsem marně začít ...","I tried in vain to start ...","","2","1541035413","1541294613"
"rozházený, rozcuchaný","disordered ","[dɪsˈɔːdəd]","2","1541035439","1541294639"
"neměl jsem potíž vzpomenout si","I had no difficulty in remembering","","2","1541042058","1541301258"
"současné oteplení vztahů","the recent thaw in relations","","2","1541042071","1541301271"
"lavina (sněhová...)","avalanche","[ˈævəˌlɑːntʃ]","2","1541042087","1541301287"
"Pokud nebudeš mít ten nepořádek uklizenej než (jakmile) se dostanu domů, budeš mít vážnej problém!","If you don't have this mess cleaned up by the time I get home, you're going to be in serious trouble!","","4","1541260378","1541303578"
"malicherný, puntičkářský","petty","","1","1541151378","1541304311"
"kniha receptů","recipe  book","[ˈresɪpɪ]","2","1541151299","1541305765"
"příslušný , platný , použitelný pro daný případ","applicable ","[əˈplɪkə-bl]","1","1541108415","1541305981"
"navzdory faktu","despite the fact","","1","1541140927","1541307325"
"nasadit smutný výraz","to put on a sad expression","","3","1541151233","1541308244"
"zpomalovat","to slow down","","3","1541151228","1541308259"
"hlavolam, hádanka","brain teaser [brain týzr]","","1","1541109612","1541308900"
"nacpat něco někam","to stuff sth into sth","","1","1541109619","1541308904"
"oddělit x sloučit","segregate x integrate ","[ˈsegrɪˌgeɪt]","1","1541140931","1541311834"
"nákladní auto","truck","","2","1541151464","1541313302"
"akce na mou dovolenou","event for my holiday","","1","1541151531","1541314779"
"napětí bylo rozpuštěno","tension was dissolved","","1","1541151527","1541314799"
"(nechvalná) proslulost/známost","notoriety ","[ˌnəʊtəˈraɪɪtɪ]","1","1541151518","1541314938"
"manželství bylo rozpuštěno v 1980","the marriage was dissolved in 1980","","1","1541151523","1541314940"
"robustní kufřík","sturdy briefcase","[ˈstɜːdɪ]","1","1541151502","1541315113"
"zahlédnout, zpozorovat","to spot","","1","1541151507","1541315119"
"byl zpozorován","he has been spotted","","1","1541151510","1541315122"
"během hodiny","within one hour","","2","1541151363","1541315225"
"shlížet na sb spatra","to look down on sb","","1","1541151498","1541315258"
"nemít rád, nemít v oblibě co (taste)","have no taste for sth","","2","1541151359","1541315505"
"ovlivnit něco bez/významně","affect sth in/significantly","","2","1541151223","1541315528"
"ledový den/voda","a chilly day/water","","1","1541151488","1541315645"
"hledám ten klíč","I'm looking for the key","","1","1541151484","1541315683"
"rozhodnutí","decisions","","1","1540883796","1541315796"
"čistit, vyčistit","purify ","[pjurifai]","1","1540883803","1541315803"
"trápení, soužení, utrpení","affliction","","1","1540883812","1541315812"
"pošetilý","deluded [dɪˈluːdɪd]","","1","1540883818","1541315818"
"otužilý","hardy ","[ˈhɑːdɪ]","1","1541151467","1541315856"
"noční můra, děs, přízrak, hrůza","nightmare","","1","1540883932","1541315932"
"zhýčkaný, mlsný, vybíravý, náročný","fastidious ","[festidies]","1","1540883953","1541315953"
"úvaha, zřetel, uvažování","consideration","","1","1540883986","1541315986"
"podcenit","underrate","","1","1540884007","1541316007"
"být si vědom, uvědomovat si","aware","","1","1540884039","1541316039"
"navštěvoval jsem univerzitu","I attended the university","","1","1540884052","1541316052"
"mít něčeho plné zuby","be fed up with sth","","1","1540884056","1541316056"
"přežít a získat","to survive and gain","","1","1540884067","1541316067"
"spokojený","satisfied [satisfajd]","","1","1540884083","1541316083"
"lhostejný/bezstarostný přístup k něčemu","casual attitude to sth","[kažjuel]","1","1540884089","1541316089"
"začít toužit po","begin to long for","","1","1540884118","1541316118"
"během pracovního týdne","during the work week","","1","1540884122","1541316122"
"rozhodnout se","decide","","1","1540884130","1541316130"
"motivovat","motivate ","[moutivejt]","1","1540884174","1541316174"
"navzdory mé přísnosti","in spite of my strictness ","[strɪktnɪs]","1","1540884180","1541316180"
"ovlivnitelný","suggestible ","[səˈdʒestɪbəl]","1","1540884190","1541316190"
"zneužít","misuse","","1","1540884201","1541316201"
"slučitelnost, kompatibilita","compatibility ","[kəmˌpætəˈbɪlɪtɪ]","1","1540884205","1541316205"
"rozšířit naší aplikaci","scale out our application","","2","1541151273","1541316244"
"not existing or occurring at the same time.","asynchronous /eɪˈsɪŋkrənəs/","","1","1541151407","1541316384"
"zaměření na elektrickou energii","specialization of electric energy","[-laɪ-]","1","1540885007","1541317007"
"binární kód","binary code ","[ˈbaɪnərɪ][keud]","1","1540885028","1541317028"
"objekt s vlastnostmi a metodou","object with properties and method [ˈmeθəd]","","1","1540885034","1541317034"
"diplomová práce","dissertation [ˌdɪsəˈteɪʃən]","","1","1540885038","1541317038"
"kariéra učitele","career of teacher","[kəˈrɪə]","1","1540885045","1541317045"
"zpočátku","at first","","1","1540885047","1541317047"
"bez ohledu","regardless ","[rɪˈgɑːdlɪs]","1","1540885053","1541317053"
"fakulta aplikovaných věd","faculty of applied science","","1","1540885077","1541317077"
"různé sensory","various sensors","[varies]","1","1540885080","1541317080"
"obor studia","branch of study","","1","1540885084","1541317084"
"Bakalářské kombinované studium","bachelor combined study","[bačeler][kombajnd]","1","1540885086","1541317086"
"řešící algoritmické problémy","solving algoritmic problems","","1","1540885089","1541317089"
"Das das ist es wert (stojí to za to)","it is worth it","","1","1540885096","1541317096"
"stojí tvé dojíždění do práce za to?","Is your commute to work worth it","","1","1540885111","1541317111"
"oceňuji to, vážím si toho","I appreciate it","","1","1540885116","1541317116"
"vážit si, oceňovat","appreciate","","1","1540885119","1541317119"
"ocenil bych kdyby","I would appreciate if","","1","1540885125","1541317125"
"Při pouhém pomyšlení na to jsem se otřásl.","The mere thought of it made me shiver.","","1","1540885132","1541317132"
"Vítr jen fouká.","The wind merely blows","","1","1540885145","1541317145"
"absurdní","ludicrous ","[ludikres]","1","1540885160","1541317160"
"kdybych byl na tvém místě","if I were in your place","","1","1540885163","1541317163"
"na znamení přátelství","as a token of friendship","","1","1540885166","1541317166"
"na znamení dobré vůle","as a token of goodwill","","1","1540885168","1541317168"
"automatický","automatic ","[ˌɔːtəˈmætɪk]","1","1540885184","1541317184"
"adaptovat se na","adapt to sth, get used to sth","[əˈdæpt]","1","1540885198","1541317198"
"uštípnout/spálit je {oni} v zárodku","nip them in the bud","","1","1540885203","1541317203"
"nosit zbraň","to bear arms","","1","1540885208","1541317208"
"nést ovoce, mít výsledky práce","to bear fruits","","1","1540885213","1541317213"
"neseme čtyři tašky","We bear four bags","","1","1540885472","1541317472"
"Sie ist überall .","she is everywhere","","1","1540885482","1541317482"
"Von außen?","from outside?","","1","1540885485","1541317485"
"Dieses Haus ist verfügbar .","this house is available","","1","1540885591","1541317591"
"Wir sind nicht begeistert .","we aren't excited","","1","1540885598","1541317598"
"Das ist eindeutig (jednoznačné).","This is unambiguous ","[enam'bigjues]","1","1540885626","1541317626"
"příjemný na pohled, hezky přehledný rozložení ap.","easy on the eye","","1","1540885701","1541317701"
"repozitář je rozdělen do čtyř adresářů","repository is broken up into four directories","","1","1540885719","1541317719"
"postupný, sekvenční","sequential ","[sɪˈkwenʃəl]","1","1540885723","1541317723"
"paralelní","parallel ","[ˈpærəˌlel]","1","1540885727","1541317727"
"vlastně jsem připravil dva soubory","actually I prepared two files","","1","1540885731","1541317731"
"inicializace","initialisation ","[inišializeišn]","1","1540885751","1541317751"
"možnost nastavení","setting option","","1","1540885768","1541317768"
"paralelní zpracování je výhodnou","Parallel processing is an advantage","","1","1540885776","1541317776"
"můžeme přiřadit libovolný počítač k libovolné úloze","we can assign any computer to any task","","1","1540885783","1541317783"
"ovlivňovat rychlost zpracování","affect the processing speed","","1","1540885788","1541317788"
"poskytnout přehled","to provide an overview","","1","1540885792","1541317792"
"pokročilé školení","advanced training","","1","1540885797","1541317797"
"využívat možnosti paralelizace","to use the possibilities of parallelization","","1","1540885913","1541317913"
"konkrétní (stage, script)","specific","","1","1540885918","1541317918"
"simulovat nějakou činnost","simulate some activity","","1","1540885921","1541317921"
"experimentování, dělání pokusů","experimentation ","[ɪkˌsperɪmenˈteɪʃən]","1","1540885980","1541317980"
"má někdo zaměřen (v úmyslu) upgrade?","is an upgrade on anyone's radar","","1","1540886052","1541318052"
"která zajišťuje","which ensures","","1","1540886056","1541318056"
"jak moc závisí jeden na druhém","how much they depend on each other","","1","1540887558","1541319558"
"vidět rozdíly","see the differences","","1","1540887574","1541319574"
"v tom případě","in that case","","1","1540887576","1541319576"
"předběžný , přípravný , úvodní","preliminary ","[prɪˈlɪmɪnərɪ]","1","1540887601","1541319601"
"Asi/ Zřejmě přijde.","He is likely to come.","","1","1540887613","1541319613"
"neúmyslné zabití","manslaughter ","[ˈmænˌslɔːtə]","1","1540887635","1541319635"
"uklidit, uklízet","tidy up","","1","1540887638","1541319638"
"podezření","suspicion ","[səˈspɪʃən]","1","1540887653","1541319653"
"na tom místě straší","The place is haunted","","1","1540887667","1541319667"
"děsivý film (horror)","a scary movie","","1","1540887669","1541319669"
"pozůstalý, blízký zemřelého","bereaved ","[bɪˈriːvd]","1","1540887672","1541319672"
"uklidnit , ujistit koho tvrzením","reassure ","[ˌriːəˈʃʊə]","1","1540888312","1541320312"
"poskytovat službu","providing a service","","1","1540888316","1541320316"
"podvést, podfouknout","con ","[kɒn]","1","1540888321","1541320321"
"znehodnotit (se) , znehodnocovat (se)","depreciate ","[dɪˈpriːʃɪˌeɪt]","1","1540888325","1541320325"
"důležitý zdroj hodnotných informací","important resource of valuable information","","1","1540888391","1541320391"
"izolovat ty procesy","isolate [ajsolejt] the processes [prousesiz]","","1","1540888475","1541320475"
"zneužít té služby","exploit the service","","1","1540888480","1541320480"
"držet se čeho","adhere ","[ədˈhɪə]","1","1540888502","1541320502"
"dockerfils se drží konkrétního formátu","dockerfiles adhere to a specific format","","1","1540888506","1541320506"
"zvláštní množinu instrukcí","specific set of instructions","","1","1540888512","1541320512"
"dosáhnout","accomplish ","[əˈkʌm-]","1","1540888516","1541320516"
"dopad, účinek, vliv","impact","","1","1540888520","1541320520"
"povinný, závazný","mandatory ","[-trɪ]","1","1540888526","1541320526"
"určovat, stanovit, rozhodnout","determine ","[dɪˈtɜːmɪn]","1","1540888530","1541320530"
"rozrýt","plough, plow ","[plau]","1","1540888537","1541320537"
"bezmotové létání","gliding ","[ˈglaɪdɪŋ]","1","1540888563","1541320563"
"snobství","snobbery ","[ˈsnɒbərɪ]","1","1540888565","1541320565"
"přepych, luxus","luxury ","[ˈlʌkʃərɪ]","1","1540888568","1541320568"
"přizpůsobené (na přání zákazníka)","customized ","[ˈkʌstəˌmaɪzd]","1","1540888590","1541320590"
"tak černý","so black","","1","1540888594","1541320594"
"tak černý stůl","such a black table","","1","1540888598","1541320598"
"tak zelená voda","such green water","","1","1540888602","1541320602"
"také si prosím všimni, že","Also please note that","","1","1540888608","1541320608"
"Všimni si, že","Notice that","","1","1540888612","1541320612"
"kolize","collision ","[kəˈlɪʒən]","1","1540888615","1541320615"
"hrozit srážkou s čím , přen. hrozit střetem neshody ap.","be on a collision course with sth","","1","1540888624","1541320624"
"(z)organizování, příprava","orchestration [ˌɔːkɪˈstreɪʃən]","","1","1540888627","1541320627"
"nemůže to být jen náhoda","It can't be a mere coincidence ","[kəʊˈɪnsɪdəns]","1","1540888633","1541320633"
"hlídat","guard (gád)","","1","1540888645","1541320645"
"počítají s tebou","they include you","","1","1540888647","1541320647"
"spadnout z postele","to fall off the bed","","1","1540888651","1541320651"
"potěšení tu být","pleasure to be here","","1","1540888654","1541320654"
"usilovat o udělání něčeho","to strive to do something","","1","1540890822","1541322822"
"to by mohlo zahrnovat něco","that could include something","","1","1540890829","1541322829"
"z mého hlediska","from my point of view","","1","1540890834","1541322834"
"čelit stejným problémům","to face the same problems","","1","1540890846","1541322846"
"opovržlivý, hanlivý","derogatory ","[de'rogetrɪ]","1","1541147664","1541324153"
"detaily nejsou skutečně důležité","the details don't really matter","","1","1541151291","1541331529"
"zanedbávání povinnosti","neglect of duty","","1","1541151060","1541331648"
"make happier","to cheer someone up","","2","1541151080","1541339574"
"end a phone call","to hang up","","2","1541151208","1541339818"
"OS je nakonec to, co on poslouchá","OS is ultimately what he listens","[ultimejtli]","1","1541151787","1541343448"
"Grid nebo nějaký cloud je volně spojen","Grid or a cloud is loosely coupled","","1","1541151813","1541343498"
"napadení, přepadnout sb","assault ","[əˈsɔːlt]","3","1541259523","1541345923"
"dopravní přestupek","driving offence","[əˈfens]","3","1541259533","1541345933"
"trestný čin","criminal offence","[əˈfens]","3","1541259550","1541345950"
"normálně odsouzen do vězení, k pokutě nebo k veřejné službě","normally sentenced to prison, a fine or community service","","3","1541259574","1541345974"
"přesvědčit sb znovu se neprovinit","persuade sb not to reoffend","","3","1541259965","1541346365"
"důležité výhody pro oboje, pro pachatele a pro komunitu","important advantages both for offenders and for the community","","3","1541259993","1541346393"
"počkejme na Liz až dorazí a pak budeme mít večeři","let's wait for Liz to arrive and then we'll have dinner","","3","1541260095","1541346495"
"film už začne až(jakmile) se dostaneme do kina","the film will already have started by the time we get to the cinema","","3","1541260241","1541346641"
"zítra nebude výjimka","tomorrow will be no exception","","3","1541260428","1541346828"
"Uvidíš se zítra s Laurou?","Will you be seeing Laura tomorrow?","","3","1541260442","1541346842"
"myslíš, že budeš ještě dělat tu samou práci během deseti let?","do you think you will still be doing the same job in ten year's time?","","3","1541260480","1541346880"
"polekal jsi mě","You scared me","","1","1540918166","1541350166"
"mít neblahý vliv na někoho","have a harmful influence on sb","","1","1540918174","1541350174"
"vtipálek, šprýmař, pokušitel","teaser ","[ˈtiːzə]","1","1540918187","1541350187"
"škádlení, popichování","teasing ","[týzing]","1","1540918194","1541350194"
"hypotéka","mortgage ","[ˈmɔːgɪdʒ ... mógigž]","1","1540918214","1541350214"
"vrtačka, vrtat","drill","","1","1540918216","1541350216"
"umělá inteligence","Artificial Intelligence [ártifišl intelidžns]","","1","1540918219","1541350219"
"Sie nimmt es an (předpokládat)","she assumes that","","1","1541151063","1541355673"
"rozhodný","resolute ","[ˈrezəˌluːt]","1","1541151241","1541356087"
"má to výhodu","it has the advantage","","1","1540939102","1541371102"
"mnoha způsoby činí život snadnější","makes life easier in many ways","","1","1540939105","1541371105"
"přežít bez smartphonu","to survive without a smartphone","","1","1540939107","1541371107"
"zacházet s nimi efektivně","to treat them effectively","","1","1540939109","1541371109"
"zajistit , udělat vše aby","to make sure","","1","1540939119","1541371119"
"jízdní řád","timetable","","1","1540939121","1541371121"
"dokonce nemusíme","we do not even have to","","1","1540939124","1541371124"
"obtížné si představit","difficult to imagine","","1","1540939126","1541371126"
"stát hodiny ve frontě","to wait in line for hours","","1","1540939133","1541371133"
"během mého mládí","During my youth","","1","1540939893","1541371893"
"během toho, co jsem spal","while I was sleeping","","1","1540939905","1541371905"
"během minuty","in a minute","","1","1540939908","1541371908"
"to nejhorší, co si lze představit","the worst thing imaginable","","1","1540939952","1541371952"
"jen se zamysli jak by to bylo ohromné","just think how great it could be","","1","1540939960","1541371960"
"dělat co ve velkém","do sth on a large scale","","2","1541151582","1541373314"
"v globálním měřítku","on a global scale","","2","1541151587","1541373319"
"budu se maximálně snažit","I will do my best","","1","1540966650","1541398650"
"o co se (to) snažíš?","what are you trying to achieve?","","1","1540966683","1541398683"
"ani se o to nesnaž","don't even try it","","1","1540966722","1541398722"
"znečištění, ovzduší, vody a půdy","air, water and soil pollution","","1","1540966734","1541398734"
"hluk a vibrace","noise and vibration","","1","1540966740","1541398740"
"nehoda","accident","","1","1540966742","1541398742"
"schopnost vytvářet síť","ability to create a network","","1","1540966748","1541398748"
"přepravovat libovolné množství materiálu a zboží","to transport any number of materials and goods","","1","1540966765","1541398765"
"požadovaný stupeň bezpečnosti dopravy","the required degree of transport safety","","1","1540967081","1541399081"
"požadovaný stupeň rychlosti přepravy","the required rate of transport speed","","1","1540967099","1541399099"
"hluboká ekologická stopa","deep ekological footprint","","1","1540967102","1541399102"
"nákladnost dopravy","cost of transport","","1","1540967111","1541399111"
"vodní a letecká doprava","water and air transport","","1","1540967114","1541399114"
"výtah a pojízdné schody","elevator and escalator","","1","1540967117","1541399117"
"raketoplán","space shuttle","","1","1540967142","1541399142"
"zhodnotit, vyhodnotit","assess ","[əˈses]","4","1541151777","1541409985"
"plést si, poplést si, zaměnit sth se sth","confuse sth with sth","[kənˈfjuːz]","4","1541151561","1541410020"
"nabídka a poptávka","supply and demand","","4","1541151570","1541410025"
"prostředky až do výše $200 za osobu","funds of up to $200 per person","","1","1541151595","1541410281"
"v rámci něčeho","within the framework of sth","","1","1541151599","1541410284"
"na rozdíl od mé ženy jsem nikdy","unlike my wife I never","","1","1540980861","1541412861"
"stěhovací vůz, firma","removal van, company","","1","1540980866","1541412866"
"vyložit","to unload [ʌnˈləʊd]","","1","1540980872","1541412872"
"ekonomické zvýhodnění pro obchodníky","economic advantage for traders","","1","1540980877","1541412877"
"ask many people the same question","to ask around","","1","1540980909","1541412909"
"stop trying","to give up","","1","1540994024","1541426024"
"ta příležitost nikdy nevyvstala","the chance never came up","","1","1540994094","1541426094"
"napadlo ho","It came to him","","1","1540994200","1541426200"
"stát se zítra","to occur tomorrow","","1","1540994204","1541426204"
"když mluvím po telefonu","when i'm talking on the phone","","1","1540994209","1541426209"
"to je mi docela (pěkně) zřejmé","It's pretty obvious to me","","1","1540994217","1541426217"
"Vysoce si ceníme čeho","We highly appreciate sth","","1","1540994227","1541426227"
"mimo-obvyklý (mimořádný)","out of the usual","","1","1540994230","1541426230"
"uražený, dotčený","insulted ","[insaltid]","1","1540996023","1541428023"
"korektnost","correctness ","[kəˈrektnɪs]","1","1541004777","1541436777"
"zákon, předpis","statute ","[ˈstætjuːt]","1","1541004849","1541436849"
"vytrvalý, neúnavný","tireless ","[ˈtaɪəlɪs]","1","1541004854","1541436854"
"prožít","to go through","","1","1541004882","1541436882"
"příliš mnoho je v sázce","too much is at stake","","4","1541260112","1541438894"
"support","back sb up","","4","1541264200","1541441800"
"náznak, naznačení","hint ","[hɪnt]","1","1541013719","1541445719"
"předek","ancestor ","[ˈænsestə]","1","1541013722","1541445722"
"vetřelec, narušitel, rušivý element","intruder ","[ɪnˈtruːdə]","1","1541013731","1541445731"
"určit chování","determine  behaviour ","[dɪˈtɜːmɪn][bɪˈheɪvjə]","1","1541013748","1541445748"
"dej si záležet (take...)","take your time","","1","1541013772","1541445772"
"postavit stan","to set up a tent","","1","1541014259","1541446259"
"dwelling","příbytek","","1","1541014267","1541446267"
"zámek, palác","palace ","[ˈpælɪs]","1","1541014271","1541446271"
"jeskyně","cave ","[keɪv]","1","1541014282","1541446282"
"panelák","block of flats","","1","1541014287","1541446287"
"nevyužité zdroje","unused resources","","1","1541014394","1541446394"
"můžeš mi půjčit pero?","Can you lend me a pen?","","1","1541014441","1541446441"
"ziskový, výdělečný","profitable ","[ˈprɒfɪtəbəl]","1","1541014448","1541446448"
"psychická zátěž","mental strain","","1","1541014524","1541446524"
"namáhat si (tvé) oči","to strain your eyes","","1","1541014592","1541446592"
"dělat tak hodně hluku","to make so much noise","","1","1541014744","1541446744"
"odložit sth do zítřka","to put off sth till tomorrow","","1","1541014754","1541446754"
"vycházet/akceptovat s ním/ho (je nerudný, nepříjemný)","to put up with him","","1","1541014765","1541446765"
"omlouvám se, znovu se to nestane","I apologize, it won't happen again","","1","1541015189","1541447189"
"Vždycky ztrácím věci","I'm always losing things","","1","1541015195","1541447195"
"šatní skříň","wardrobe ","[ˈwɔːdrəʊb]","1","1541015215","1541447215"
"nemám se zač stydět","I have nothing to be ashamed of.","","1","1541015250","1541447250"
"moci si to dovolit/dopřát","can afford it","","1","1541015680","1541447680"
"udělat sth okamžitě","do sth straight away","","1","1541151368","1541448000"
"objednat se k někomu (lékaři apod.), sjednat si schůzku","to make an appointment with sb","","1","1541016514","1541448514"
"schody","stairs","","1","1541016516","1541448516"
"ztloustnout","to get fat","","1","1541016524","1541448524"
"být v dobré kondici","to be in good shape","","1","1541016527","1541448527"
"pod tlakem","under pressure","","1","1541016534","1541448534"
"trhat (všechny tři tvary)","tear tore torn","","1","1541016656","1541448656"
"důvěryhodný","trustworthy ","[ˈtrʌstˌwɜːðɪ]","1","1541016729","1541448729"
"vystačit si se čtyřmi počítačemi","to get by with four computers","","1","1541016834","1541448834"
"nepředvídatelné potíže/problémy/nesnáze","unpredictable difficulties","","1","1541016867","1541448867"
"křičet na tebe","to yell at you","","1","1541016983","1541448983"
"protáhnout si mé nohy (procházkou...)","to stretch my legs","","1","1541017026","1541449026"
"zakomentovat","comment out","","1","1541017029","1541449029"
"berle","crutches","","1","1541017034","1541449034"
"závidět","to envy","","1","1541017048","1541449048"
"hořký","bitter","","1","1541017094","1541449094"
"chutnat slaně","to taste salty","","1","1541017099","1541449099"
"můj naprostý/celý/úplný život","my entire life","[ɪnˈtaɪə]","1","1541017117","1541449117"
"řvát vztekem","to yell with rage","","1","1541017124","1541449124"
"udělat sth ve vzteku","to do sth in rage","","1","1541017128","1541449128"
"začal zuřit","He flew into a rage","","1","1541017139","1541449139"
"extrémně velká cena","immense cost","","1","1541017176","1541449176"
"hustý provoz","heavy traffic","","1","1541017180","1541449180"
"náročná (těžká) četba","heavy reading","","1","1541017220","1541449220"
"kvůli špatnému počasí","due to bad weather","","1","1541017327","1541449327"
"pravděpodobně kvůli svobodnějším volbám","probably due to freer elections","","1","1541017339","1541449339"
"nechci abys zpíval","I don't want you to sing","","1","1541017479","1541449479"
"častěji","more often","","1","1541017483","1541449483"
"hádka, roztržka, pohádat se","quarrel [ˈkwɒrəl]","","1","1541017503","1541449503"
"utišující prostředek proti bolesti (prášek...)","painkiller","","1","1541017630","1541449630"
"rozbrečel jsem jí","I made her cry","","1","1541017646","1541449646"
"postup, proces","procedure ","[prəˈsiːdʒə]","1","1541017906","1541449906"
"zařízený, sjednaný (budoucnost, schůzka...)","arranged ","[əˈreɪndʒd]","1","1541017928","1541449928"
"domluva (kdo co udělá...)","arrangement ","[əˈreɪndʒmənt]","1","1541017931","1541449931"
"klenoty, šperky","jewellery ","[ˈdʒuːəlrɪ]","1","1541017942","1541449942"
"přirozená smrt","natural death","","1","1541017996","1541449996"
"umělý, vytvořený člověkem","artificial ","[ˌɑːtɪˈfɪʃəl]","1","1541018011","1541450011"
"umělé zuby/materiály","artificial teeth/materials","","1","1541018017","1541450017"
"extrém je škodlivý","extreme is harmful","[ɪkˈstriːm]","1","1541018023","1541450023"
"vše bude stát více","everything is going to cost more","","1","1541018079","1541450079"
"pozor! bacha!","look out!","","1","1541018088","1541450088"
"svlékni si (svůj) kabát","take off your coat","","1","1541018153","1541450153"
"obléknout si svetr","to put on a sweater","","1","1541018158","1541450158"
"přestat (vzdát) kouřit","to give up smoking","","1","1541018163","1541450163"
"podváděl jí","he was cheating on her","","1","1541018188","1541450188"
"poukázat, že jsme diskutovali...","to point out, that we discussed...","","1","1541018234","1541450234"
"přijít s brilantním řešením","to come up with a brilliant solution","","1","1541018253","1541450253"
"uhasit oheň","to put out the fire","","1","1541018405","1541450405"
"tchýně","mother in law","","1","1541018408","1541450408"
"velmi/strašně moc/horlivě/ se chci s tebou sejít","i'm very eager to meet you","","1","1541018421","1541450421"
"mým cílem je/zaměřuji se/ vidět ...","ma aim is to see ...","","1","1541018426","1541450426"
"generovat soubory","generate  files","[ˈdʒenəˌreɪt]","1","1541018446","1541450446"
"časově náročný","time-consuming","","1","1541018452","1541450452"
"má přehled","he has an overview","","1","1541018500","1541450500"
"položí o tom poznámku do logů","to put a notion about it into logs","","1","1541018509","1541450509"
"převážná (obrovská, ohromná) většina","vast majority","","1","1541018592","1541450592"
"nesnesitelný, neúnosný","intolerable ","[ɪnˈtɒlərəbəl]","1","1541018607","1541450607"
"čas od času","time and again","","1","1541018674","1541450674"
"je pravděpodobné, že","It is likely that","","1","1541018962","1541450962"
"zábava, pobavení","entertainment [ˌentəˈteɪnmənt]","","1","1541018988","1541450988"
"známé prostředí","familiar environment","","1","1541018993","1541450993"
"po konzultaci mi poradil","after consultation he advised me","","1","1541019013","1541451013"
"předat nějaké informace prostřednictvím těch parametrů","pass some information through the parameters","","1","1541019019","1541451019"
"žádný reálný důvod nepoužívat to","no real reason not to use it","","1","1541019094","1541451094"
"záviset na mnoha aspektech","to depend on many aspects","","1","1541020748","1541452748"
"poskytovat okamžitě zisky","to provide immediate benefits","","1","1541020924","1541452924"
"okolnost(i), podmínky","circumstance ","[ˈsɜːkəmstəns]","1","1541020936","1541452936"
"hledat","to look for","","1","1541021012","1541453012"
"podívat se","to look at","","1","1541021018","1541453018"
"vyzvednout","to pick up","","1","1541021023","1541453023"
"obléknout, svléknout (bez "to", oddělené čárkou)","put on, take off","","1","1541021028","1541453028"
"odvolat, zrušit","to call off","","1","1541021032","1541453032"
"přijít s (nápadem)","to come up with","","1","1541021067","1541453067"
"upozornit","to point out","","1","1541021074","1541453074"
"zjistit","to find out","","1","1541021079","1541453079"
"stárnout","to get older","","1","1541021100","1541453100"
"dostat se do potíží","to get into trouble","","1","1541021111","1541453111"
"zkontaktovat sb","to get in touch with sb","","1","1541021169","1541453169"
"zlepšit se, uzdravit se","to get better","","1","1541021183","1541453183"
"naštvat se","to get angry","","1","1541021186","1541453186"
"ta práce mi vzala všechen čas","the work took up all my time","","1","1541021310","1541453310"
"nepotlačuj své emoce","don't bottle up your emotions","","1","1541021334","1541453334"
"navíc... (na vrch k tomu...)","on top of that...","","1","1541021425","1541453425"
"pravděpodobnost","probability ","[ˌprɒbəˈbɪlɪtɪ]","1","1541021458","1541453458"
"ve zjednodušené formě","in a simplified [simplifajd] form","","1","1541021654","1541453654"
"release pracuje jak je očekáváno","release works as expected","","1","1541021714","1541453714"
"jménem klienta","on behalf [bi'háv] of a client","","1","1541021721","1541453721"
"(ta) nejlepší praktika kterou bychom měli následovat","the best practice we should follow","","1","1541021760","1541453760"
"mělká miska","shallow bowl","","1","1541021801","1541453801"
"zdeformovat, znetvořit","deform ","[dɪˈfɔːm]","1","1541021960","1541453960"
"plýtvat tvým časem","to waste your time","","1","1541021971","1541453971"
"učinit návrh","to make a proposal [prəˈpəʊzəl]","","1","1541022257","1541454257"
"už zase","yet again","","1","1541022277","1541454277"
"nezvládl jsem napodobit ten problém znovu","I didn't manage to imitate the problem again","","1","1541022376","1541454376"
"to nelze vyloučit (to nemůže být vyloučeno)","it can't be excluded","","1","1541022387","1541454387"
"rozeznat, odlišit, rozlišit","to distinguish ","[dɪˈstɪŋgwɪʃ]","1","1541022393","1541454393"
"shrnout , říct ve stručnosti obsah ap","to sum up","","1","1541022435","1541454435"
"(jen) pro shrnutí, abych to shrnul","just to sum up","","1","1541022441","1541454441"
"(z)realizovat , uskutečnit , zavést , implementovat","to implement","","1","1541022445","1541454445"
"statistický","statistical [stəˈtɪstɪkəl]","","1","1541022456","1541454456"
"zprovoznit sth","get sth to work","","1","1541022459","1541454459"
"směřovat někam (sth)","to head for sth","","4","1541264211","1541461134"
"starám se o jejich kočku","I look after their cat","","4","1541264272","1541461183"
"rozšíření tohoto problému globálně","the scale of this problem globally","","4","1541264112","1541461566"
"starost, obavy, znepokojení","concern ","[kənˈsɜːn]","4","1541264135","1541461567"
"blízká vazba mezi námi","close bond between us","","4","1541264042","1541461684"
"dostat se do zmatku/zmatení nad","to get into a muddle over","","4","1541264023","1541461725"
"dopadlo to dobře","it ended up well","","4","1541264011","1541461763"
"odmítnout tu stížnost","reject the complaint","","4","1541263977","1541461789"
"udržet si jeho pozornost","to hold his attention","","4","1541263968","1541461798"
"tento problém se týká spojení","this issue concerns a connection","","4","1541263845","1541462343"
"nemohu si představit, že by tam zůstala","I can't see her staying there","","4","1541263791","1541462947"
"akceptovat jejich stálé stěžování","to put up with their constant complaining","","4","1541263767","1541462955"
"zřejmý, očividný","obvious [ˈɒbvɪəs]","","1","1541032124","1541464124"
"odseknout paži k zachránění toho těla","to chop off an arm to save the body","","1","1541032244","1541464244"
"skořápka, krunýř, karoserie","shell","","1","1541032382","1541464382"
"požádat o příležitost","to ask for an opportunity","","1","1541032407","1541464407"
"potřebuji mít slovo s Johnem (promluvit si s ním)","I need to have a word with John","","1","1541032553","1541464553"
"podplatit, uplatit","to bribe ","[braɪb]","1","1541032771","1541464771"
"zkusil jsi jí podplatit","you tried to bribe her","","1","1541032779","1541464779"
"nevadí vám pracovat společně","you don't mind working together","","1","1541032829","1541464829"
"nasměrovat mě správným směrem (ukázat cestu)","to point me in the right direction","","1","1541032847","1541464847"
"drnčivý, rachotivý zvuk","rattling noise","","1","1541032928","1541464928"
"on je má pravá ruka","he is my right hand","","1","1541032985","1541464985"
"to(that) se tě také týká","that goes for you too","","1","1541033091","1541465091"
"nepanikař","Don't freak out","","1","1541033128","1541465128"
"teď to dává smysl","now it makes sense","","1","1541033140","1541465140"
"je to na tobě","it's up to you","","1","1541033634","1541465634"
"jaký je rozdíl mezi","What's the difference between","","1","1541033637","1541465637"
"časový rozdíl","time difference","","1","1541033641","1541465641"
"v tom není žádný rozdíl (dělá žádný r.)","It makes no difference","","1","1541033647","1541465647"
"záležet, mít zájem","care ","[keə]","1","1541033690","1541465690"
"dlužíme mu to","we owe it to him","","1","1541033953","1541465953"
"plavec se vynořil z té vody","swimmer emerged from the water","","1","1541034313","1541466313"
"posbírej si všechno ze svých věcí (všechny věci)","pick up all of your things","","1","1541034474","1541466474"
"poučný, informativní","informative ","[ɪnˈfɔːmətɪv]","1","1541034569","1541466569"
"vím co myslíš","I know what you mean","","1","1541034940","1541466940"
"neupřímný","insincere ","[ˌɪnsɪnˈsɪə]","1","1541035174","1541467174"
"představivost","imagination ","[ɪˌmædʒɪˈneɪʃən]","1","1541035177","1541467177"
"marný, zbytečný; marnivý","vain ","[veɪn]","1","1541035366","1541467366"
"nechoď ... abys nespadl (pro případ že bys spadl)","don't walk ... in case you fall","","1","1541042046","1541474046"
"roztát, rozmrznout","thaw ","[θɔː]","1","1541042063","1541474063"
"vězení, věznice","jail, prison","[dʒeɪl] [ˈprɪzən]","1","1541042074","1541474074"
"spoluvězeň","jail-mate","","1","1541042077","1541474077"
"útěk z vězení","prison break","","1","1541042081","1541474081"
"neberu to velmi vážně","I don't take it very seriously","","1","1541042094","1541474094"
"požární alarm začal v noci","the fire alarm went off in the night","","1","1541042103","1541474103"
"začít se věnovat novému sportu","take up a new sport","","3","1541151692","1541474467"
"nemyslím, že on je velmi pravděpodobný k souhlasení","I don't think he is very likely to agree","","3","1541151716","1541474503"
"dobrý ve vyhodnocení těch rizik","good at assessing these risk","","3","1541151617","1541474547"
"hustá mlha v kopcích","thick fog in the hills","","3","1541151608","1541474553"
"lidé mají tendenci být více bojácní z krátkodobých nebezpečí","people tend to be more scared of short-term dangers","","3","1541151807","1541474573"
"jak jde čas, přidáváme (jsme přidávající)","as time passes, we are adding","","3","1541259591","1541482610"
"být ve starosti o sbth (mít na starost sb)","be in charge of sbth","","3","1541259605","1541482624"
"ty ale vypadáš!","what a sight you are!","","3","1541260125","1541483525"
"základní složka, prvek, součást","constituent ","[kənˈstɪtjʊənt]","3","1541260550","1541485446"
"přesvědčivý, věrohodný","convincing [kənˈvɪnsɪŋ]","","3","1541263915","1541485687"
"nalákat, přitahovat","entice ","[ɪnˈtaɪs]","3","1541260606","1541486589"
"neústupný, tvrdošíjný","insistent","","3","1541260542","1541506767"
"nenápadný, skromný","unobtrusive ","[aneb'trúsiv]","3","1541260532","1541507236"
"hrozit, vyhrožovat","threaten ","[ˈθretən] [ˈθretən]","3","1541264205","1541510361"
"vrátit se v osm večer","to get back at eight p.m.","","3","1541264279","1541510411"
"postupně","gradually, step by step","","3","1541264185","1541510734"
"vyjádřit obavy o sth","express concern about sth","","3","1541264145","1541510939"
"mluvit s tebou za účelem zjistit...","to talk to you in order to find out...","","3","1541264131","1541510939"
"druh člověka dělající chvástání","kind of man to make a brag","","3","1541264056","1541511022"
"určité chování","certain behaviour","","3","1541264048","1541511102"
"sklápěcí auto","dump truck","","3","1541263960","1541511315"
"zakopnout o kámen","to stumble over the stone","","3","1541263937","1541511353"
"vyrušovat ve vyučování","disrupt class","[disrapt]","3","1541263932","1541511355"
"hůl nebo berle","stick or crutch [kratč]","","3","1541263924","1541511374"
"je podezřelý z vraždy","He is suspected of murder","","3","1541263446","1541511528"
"les tvořený(složený) převážně borovicemi","forest comprises mostly pines","","3","1541263822","1541511934"
"v honbě za sth","in pursuit of sth","","3","1541263813","1541512160"
"je jí stydno","she feels ashamed","","3","1541263808","1541512184"
"ohledně sth, pokud jde o sth","with regard to sth","","3","1541263803","1541512396"
"sth se koná","sth takes place","","3","1541263796","1541512458"
"trpělivý a obětavý","patient and selfless ","[ˈselflɪs]","3","1541263782","1541512762"
"obejmout, vzít do náručí","to embrace ","[ɪmˈbreɪs]","3","1541263757","1541512775"
"kazit mi radost","to spoil my pleasure","","3","1541263686","1541513609"
"rozumný, moudrý, uvážlivý","judicious ","[dʒuːˈdɪʃəs]","3","1541260498","1541516210"
"následek, důsledek","consequence ","[ˈkɒnsɪkwəns]","2","1541259423","1541518623"
"Ona bude obžalována z podvodu","She will be charged with fraud.","fraud [frɔːd]","2","1541259447","1541518647"
"ona je po otci (podobá se otci)","She takes after her father. ","","2","1541259464","1541518664"
"stal jsem se promočený tohle ráno (promokl jsem)","I got soaked this morning","soaked [səʊkt]","2","1541259510","1541518710"
"násilný trestný čin","violance offence","[əˈfens]","2","1541259541","1541518741"
"veřejná služba může být výchovná zkušenost","community service can be an educational experience","","2","1541260004","1541519204"
"využít dobrého počasí","take advantage of the good weather","","2","1541260026","1541519226"
"tři hodiny od nyní každý odejde domů","three hours from now everybody will have gone home","","2","1541260060","1541519260"
"tento čas za týden budu ležet na pláži","this time next week I'll be lying on the beach","","2","1541260070","1541519270"
"nevolej mezi 7 a 8. Budeme večeřet","don't phone between 7 and 8. We'll be having dinner","","2","1541260105","1541519305"
"on je zraněn a nebude hrající ve hře v sobotu","he is injured and won't be playing in the game on Saturday","","2","1541260191","1541519391"
"až, jakmile, než","by the time","","2","1541260245","1541519445"
"Jakmile zjistila, že má rakovinu už byla rozšířená","By the time she realized she had cancer, it had already spread","","2","1541260421","1541519621"
"odpudivý vtip","a repulsive  joke","[rɪˈpʌlsɪv]","2","1541260134","1541528172"
"podporuje, prosazuje","to promote [prəˈməʊt]","","2","1541260129","1541528180"
"pokračovat, znovu začít","to resume ","[rɪˈzjuːm]","2","1541260556","1541530301"
"navrhnout","to propose ","[prəˈpəʊz]","2","1541260602","1541532234"
"on více pravděpodobně udělá...","he is more likely to do ...","","2","1541151703","1541539039"
"vezmi deštník pro případ že bude pršet když zkončíš práci","take umbrella in case it's raining when you finish work","","2","1541151657","1541539065"
"hrubý odhad","rough estimate","[rʌf] [ˈestɪˌmeɪt]","2","1541151726","1541539070"
"dusit se, udusit se","choke ","[tʃəʊk] ","2","1541151749","1541539074"
"tak jsme šli ven místo (toho)","so we went out instead","","2","1541151635","1541539076"
"odečíst sth from sth","subtract ","[səbˈtrækt]","2","1541151731","1541539077"
"změny v časovém rozsahu týdne","changes on a timescale of a week","","2","1541151746","1541539089"
"rozhodný, rázný člověk","decisive person","[dɪˈsaɪsɪv]","2","1541151797","1541539122"
"ve skutečnosti, statisticky","in fact, statistically","[stəˈtɪstɪkli]","2","1541151578","1541539244"
"ohledně toho batche...","concerning the batch...","","4","1541312948","1541546340"
"poznat sb","to get to know sb","","4","1541312942","1541546355"
"opustil sebe do beznaděje","He abandoned himself to despair.","","4","1541312902","1541546434"
"přikročit k nasazení do testovacího prostředí","to proceed to deploy it to a test environment","","4","1541312829","1541546574"
"nějaké problémy stále přetrvávají","some problems still remain","","4","1541312745","1541547692"
"dohodnuté formátování je následováno","agreed formatting  is followed","[ˈfɔːmæt]","4","1541312815","1541547806"
"může to být trochu skličující","it can be a little daunting","","2","1541259616","1541553083"
"zabraňovat, překážet","impede ","[im'píd]","2","1541260595","1541555425"
"pohroma, neštěstí","disaster ","[dɪˈzɑːstə]","2","1541264196","1541559656"
"udělej ten telefonní hovor","make the phone call","","2","1541264192","1541559696"
"pozadu za plánem, ve skluzu","behind schedule [šedul]","","2","1541264176","1541560190"
"přehledný","transparent, well arranged","","2","1541263435","1541561137"
"je podezřelý (pod podezřením)","he is under suspicion","","2","1541263452","1541561143"
"obdobné k (čemu)","analogous to sth.","[əˈnæləgəs]","2","1541263423","1541561594"
"půjčit si auto","to borrow a car","","2","1541263738","1541562901"
"bouda, chatrč, budka","shack ","[ʃæk]","2","1541263716","1541563039"
"budu hned zpátky","I'll be right back","","2","1541263694","1541563582"
"osamělý, opuštěný","lonely ","[ˈləʊnlɪ]","2","1541263675","1541563639"
"prožít si mnoho utrpení","to go through a lot of suffering","","2","1541263618","1541565572"
"náležitá píle/pozornost","due diligence/attention","","1","1541260572","1541566330"
"údajný, domnělý","alleged ","[əˈledʒd]","2","1541260505","1541567329"
"hrozba","menace ","[ˈmenɪs]","2","1541260512","1541567332"
"v případě selhání","in case of a failure","","1","1541258966","1541570436"
"volitelný ale v tomto případě povinný","optional but in this case mandatory","","1","1541258960","1541570439"
"kromě error statusu","besides error status [stejtes]","","1","1541259623","1541571832"
"nesrovnalost, neshoda","discrepancy ","[dɪˈskrepənsɪ]","1","1541260117","1541572952"
"nejvíce běžné (nejběžnější) přístupy","the most common approaches","","1","1541260624","1541574313"
"chybová notifikace je zaslána","failure notification is sent","","1","1541260618","1541574394"
"přečkat, vydržet","to wait out","","1","1541260609","1541576979"
"přesně určit, vymezit, specifikovat","to specify ","[ˈspesɪˌfaɪ]","1","1541260487","1541577234"
"měření (něčeho)","measurement ","[ˈmeʒəmənt]","1","1541260577","1541578172"
"nejedení rýže ani jablek","eating neither rice nor apples","","1","1541260565","1541578412"
"osvědčený/ověřený softw","a proven  softw","[ˈpruːvən]","1","1541263363","1541580649"
"overcome a problem (get...)","to get over something","","1","1541264217","1541582693"
"být považován(o) za sbth","to be meant to be sbth","","3","1541313675","1541594984"
"podkopat, podrýt, zpochybnit, hatit","to undermine ","[ˌʌndəˈmaɪn]","3","1541313679","1541594988"
"vyrušující, rozptylující","distracting","","3","1541313624","1541595000"
"rozumný, přiměřený","reasonable","","1","1541263359","1541600458"
"dav/zástup se rozptýlil","the crowds scattered","scatter [ˈskætə], crowd [kraʊd]","4","1541263657","1541602888"
"On si dal na čas před odpovídáním","He took his time before answering ","","1","1541151664","1541603529"
"využít (vzít výhodu) dobré příležitosti, možnosti","take advantage of a good opportunity","","1","1541151672","1541603536"
"přesvědčit, přemluvit, přimět","to persuade ","[pəˈsweɪd]  ","1","1541151721","1541603621"
"protože (jelikož) je předpověď počasí strašná","since the weather forecast is awful","","1","1541151644","1541603628"
"příjemce adresát","recipient ","[rɪˈsɪpɪənt] ","1","1541151753","1541603629"
"on miluje maso zatímco jeho žena je vegatarian","he loves meat whereas his wife is vegatarian","","1","1541151627","1541603657"
"oni možná ještě nepřijeli","They might not have arrived yet","","3","1541313230","1541604188"
"tak blízko a přesto tak daleko","so close and yet so far","","3","1541313245","1541604194"
"snažit se, usilovat / snažení","to endeavour ","[ɪnˈdevə]","3","1541313049","1541604320"
"zřídit/založit jasné odlišení od...","to establish a clear distinction from...","","3","1541313014","1541604336"
"bez ovlivnění (toho) výkonu","without affecting the performance","","3","1541313026","1541604351"
"já mohu být chvíle (bude mi to chvíli trvat)","I might be a while","","3","1541313422","1541604356"
"zatím jsme se neshodli (nepřišli k dohodě)","We haven't come to an agreement yet","","3","1541313357","1541604368"
"hodit do koše a začít znovu","to throw it to trash and start over","","3","1541312987","1541604609"
"přizpůsobit sth aby to vyhovovalo tvým potřebám","to adapt sth to fit your needs","","3","1541312860","1541604910"
"rychlým způsobem (v rychlém způsobu)","in a fast manner","","3","1541312867","1541604916"
"soustředil jsem se jen na","I concentrated only on","","3","1541312754","1541606440"
"postupovat opatrně","to proceed with caution ","[ˈkɔːʃən]","3","1541312693","1541606787"
"vyvíjet na sb nátlak","to put pressure on sb","","3","1541312711","1541606805"
"přibližný","approximate [eproximejt]","","3","1541312663","1541606810"
"ta schůze byla zrušena(v průběhu konání)","the meeting was called off","před uskutečněním - cancelled","3","1541312588","1541607006"
"vyhledat (slovo ve slovníku...)","to look up","","1","1541264236","1541608801"
"zadarmo","free of charge","","1","1541264180","1541609355"
"kvůli morálním obavám","due to ethical concerns","","1","1541264152","1541609551"
"ani ta dívka ani její mom nemá sth","neither the girl nor her mom has sth","","1","1541264164","1541609556"
"vysoce (hustě) zadlužený","heavily indebted","","1","1541264073","1541609696"
"rozzuřit se","to fly into a rage","","1","1541264061","1541609760"
"ztratit kondici","to get out of shape","","1","1541263942","1541610316"
"překážka","obstruction","","1","1541263428","1541611137"
"to je změna oproti...","this is a change compared...","","1","1541263864","1541611248"
"bez ohledu na to, jestli to je","regardless of whether it is","","1","1541263893","1541611308"
"domnívat se, odhadovat","guess ","[ges]","3","1541313605","1541612424"
"brzy se mu to zošklivilo","He soon became fed up with it.","","1","1541263745","1541612625"
"výhodný, příznivý","advantageous ","[ˌædvənˈteɪdʒəs]","1","1541263727","1541612772"
"spotřeba elektřiny","electricity consumption","","1","1541263720","1541612801"
"ohrozit, vystavit sb nebezpečí sth","put sb in danger sth","","1","1541263711","1541612957"
"naspořit, našetřit","to save up","","2","1541313069","1541662410"
"obhájci/přívrženci mají tendenci doporučovat","proponents tend to recommend","","2","1541313061","1541662537"
"ještě jsem se nad tím nezamýšlel","I haven't thought about it yet","","2","1541313375","1541662594"
"nedošly mi myšlenky (ještě nějaké mám)","I haven't run out of ideas","","2","1541312967","1541662971"
"vycházet s sb dobře","to get on well with sb","","2","1541312920","1541663054"
"rozdělující na vrstvy","dividing into layers","","2","1541312879","1541663244"
"lidé se nahrnuli do ...","people flocked to ...","","2","1541312724","1541665564"
"přehnat, přepísknout","overdo ","[ˌəʊvəˈduː]","2","1541312716","1541665600"
"vymyslet si vlastní příběh","to make up my own story","","2","1541312598","1541665820"
"nijak nesouviset s čím","to bear no relation to sth, to have nothing to do with sth","","2","1541319541","1541684639"
"zabývat se (věnovat se) nějakou aktivitou","engage in an activity","","3","1541313403","1541687323"
"náklad bylo rozházeno přes cestu","the load was scattered over the road","scatter [ˈskætə]","3","1541263669","1541687704"
"příspěvek, vklad","contribution ","[ˌkɒntrɪˈbjuːʃən]","1","1541259431","1541691431"
"pojď a sedni si do stínu","come and sit in the shade","shade [ʃeɪd]","1","1541259478","1541691478"
"vhodné potrestání","suitable punishment","","1","1541259970","1541691970"
"v těchto dnech v UK když mladý člověk spáchá ...","nowadays in the UK when young person commits ...","","1","1541260016","1541692016"
"půl hodiny od nyní bude kino plné","half an hour from now, the cinema will be full","","1","1541260044","1541692044"
"maskující sth jako sth","disguising sth as sth","","1","1541313620","1541707595"
"jsi směšný","you are ridiculous [rɪˈdɪkjʊləs]","","1","1541313612","1541707598"
"pomluva, hanobení, očerńování","defamation ","[ˌdefəˈmeɪʃən]","1","1541313451","1541720551"
"účastnit se jednání","to take part in negotiations","","1","1541313409","1541720708"
"zlomyslný, škodolibý","spiteful ","[ˈspaɪtfʊl]","1","1541313426","1541720732"
"to reálně nemá význam (nezáleží na tom)","it doesn't really matter","","1","1541313440","1541720754"
"vyloučit, vyřadit, nevpustit","to exclude ","[ɪkˈskluːd]","1","1541313379","1541720776"
"díky (vzhledem) k neschopnosti","due to inability","","1","1541312997","1541721165"
"vzdát to (přestat o to usilovat)","to give up on it","","1","1541312956","1541721291"
"to vyklouzlo z její peněženky","it slipped out of her purse","","1","1541319519","1541721404"
"mít hotovost u sebe právě nyní","to have cash on me right now","","1","1541319528","1541721413"
"uhasit","to quench ","[kwentʃ]","1","1541312910","1541721595"
"za jiných(odlišných) okolností","under different circumstances","","1","1541312889","1541721612"
"dosáhnout toho cíle","to accomplish the goal","","1","1541312847","1541721719"
"snažící se dostat obecný přehled","trying to get a general overview","","1","1541312838","1541721723"
"alespoň něco","at least something","","1","1541312668","1541724420"
"vložit parametry nesprávně","to put parameters  incorrectly","","1","1541312650","1541724464"
"země těžící ropu","oil-producing countries","","1","1541312638","1541724579"
"byl zabanován od řízení (předpř.čas)","He's been banned from driving","","1","1541312619","1541724632"
"navrhuji abychom počkali","I propose that we wait","","1","1541312629","1541724635"
"náklonnost","attachment","","1","1541313065","1541729803"
"vyhovět přání koho","comply with sb's request","","1","1541313364","1541730491"
"nápadný nebo přitahující pozornost","conspicuous, attracting attention","[ken'spikjues]","1","1541319509","1541745694"
"shledáváš to snadné vzít rozhodnutí?","do you find it easy to take decisions?","","2","1541263637","1541772643"
"je těžké pro mě udržet si přehled (sledovat) o tom co ...","it's hard for me to keep track of what ...","","3","1541313483","1541776692"
"neúměrný, nepřiměřený","disproportionate","[ˌdɪsprəˈpɔːʃənɪt]","3","1541313560","1541776731"
"silně proti (v opozici) k sth","strongly opposed to sth","","3","1541313550","1541776749"
"hedvábné bačkory","silk slippers","","3","1541313462","1541776758"
"prověřovat/kontrolovat titulky (ne netu, v novinách)","check headlines","","3","1541313109","1541776819"
"ona mě vnímá (považuje) za nějakého tyrana","She perceives me as some tyran","","3","1541313209","1541776964"
"z následujících příčin","for the following reasons","","1","1541313389","1541836865"
"(tomu) politikovi se vedlo špatně/nevalně","the politician fared poorly","politician [ˌpɒlɪˈtɪʃən], fare [feə]","1","1541313338","1541836873"
"přizpůsobit","fit","","2","1541313593","1541863392"
"fascinující pozorovat","fascinating to observe","","2","1541313487","1541869335"
"nesmírná zkušenost s destrukcí svobody slova","vast experience with destruction of freedom of speech","","2","1541313573","1541869359"
"ujmout se/vzít si na starost sbth","take charge of sbth","","2","1541313101","1541869578"
"oponovat všem krátkodobým politickým cílům","oppose any short-term political aims","","1","1541313587","1541961962"
"vybuchnout smíchem","burst out laughing","","1","1541313455","1541962070"
"Starával jsem se mnoho o svůj vzhled","I used to care a lot about my appearance","","1","1541313178","1541962456"
